2026-08-06 11:14:50,570 - ERROR - Error in encoding goldman: 'str' object has no attribute 'size'
2026-08-06 11:14:50,574 - ERROR - Error in encoding goldman: 'str' object has no attribute 'size'
2026-08-06 11:14:50,576 - ERROR - Error in encoding goldman: 'str' object has no attribute 'size'
2026-08-06 11:14:50,581 - ERROR - Error in encoding goldman: 'str' object has no attribute 'size'
2026-08-06 11:14:50,583 - ERROR - Error in encoding goldman: 'str' object has no attribute 'size'
2026-08-06 11:14:50,587 - ERROR - Error in encoding goldman: 'str' object has no attribute 'size'
2026-08-06 11:14:50,590 - ERROR - Error in encoding goldman: 'str' object has no attribute 'size'
2026-08-06 11:14:50,600 - ERROR - Error in encoding goldman: 'str' object has no attribute 'size'
2026-08-06 11:14:50,602 - ERROR - Error in encoding goldman: 'str' object has no attribute 'size'
2026-08-06 11:14:50,605 - ERROR - Error in encoding goldman: 'str' object has no attribute 'size'
2026-08-06 11:14:50,609 - ERROR - Error in encoding goldman: 'str' object has no attribute 'size'
2026-08-06 11:14:50,612 - ERROR - Error in encoding goldman: 'str' object has no attribute 'size'
2026-08-06 11:14:50,616 - ERROR - Error in encoding goldman: 'str' object has no attribute 'size'
2026-08-06 11:14:50,619 - ERROR - Error in encoding goldman: 'str' object has no attribute 'size'
2026-08-06 11:14:50,622 - ERROR - Error in encoding goldman: 'str' object has no attribute 'size'
2026-08-06 11:14:50,625 - ERROR - Error in encoding goldman: 'str' object has no attribute 'size'
2026-08-06 11:14:50,628 - ERROR - Error in encoding goldman: 'str' object has no attribute 'size'
2026-08-06 11:14:50,632 - ERROR - Error in encoding goldman: 'str' object has no attribute 'size'
2026-08-06 11:14:50,635 - ERROR - Error in encoding goldman: 'str' object has no attribute 'size'
2026-08-06 11:14:50,638 - ERROR - Error in encoding goldman: 'str' object has no attribute 'size'
2026-08-06 11:14:50,638 - INFO - goldman            @   1.0% error: recovery=  0.0% (0/20), cost=     0bp, eff_density=0.0000
2026-08-06 11:14:50,642 - ERROR - Error in encoding goldman: 'str' object has no attribute 'size'
2026-08-06 11:14:50,645 - ERROR - Error in encoding goldman: 'str' object has no attribute 'size'
2026-08-06 11:14:50,649 - ERROR - Error in encoding goldman: 'str' object has no attribute 'size'
2026-08-06 11:14:50,652 - ERROR - Error in encoding goldman: 'str' object has no attribute 'size'
2026-08-06 11:14:50,655 - ERROR - Error in encoding goldman: 'str' object has no attribute 'size'
2026-08-06 11:14:50,658 - ERROR - Error in encoding goldman: 'str' object has no attribute 'size'
2026-08-06 11:14:50,660 - ERROR - Error in encoding goldman: 'str' object has no attribute 'size'
2026-08-06 11:14:50,664 - ERROR - Error in encoding goldman: 'str' object has no attribute 'size'
2026-08-06 11:14:50,667 - ERROR - Error in encoding goldman: 'str' object has no attribute 'size'
2026-08-06 11:14:50,670 - ERROR - Error in encoding goldman: 'str' object has no attribute 'size'
2026-08-06 11:14:50,673 - ERROR - Error in encoding goldman: 'str' object has no attribute 'size'
2026-08-06 11:14:50,677 - ERROR - Error in encoding goldman: 'str' object has no attribute 'size'
2026-08-06 11:14:50,681 - ERROR - Error in encoding goldman: 'str' object has no attribute 'size'
2026-08-06 11:14:50,684 - ERROR - Error in encoding goldman: 'str' object has no attribute 'size'
2026-08-06 11:14:50,687 - ERROR - Error in encoding goldman: 'str' object has no attribute 'size'
2026-08-06 11:14:50,690 - ERROR - Error in encoding goldman: 'str' object has no attribute 'size'
2026-08-06 11:14:50,693 - ERROR - Error in encoding goldman: 'str' object has no attribute 'size'
2026-08-06 11:14:50,697 - ERROR - Error in encoding goldman: 'str' object has no attribute 'size'
2026-08-06 11:14:50,700 - ERROR - Error in encoding goldman: 'str' object has no attribute 'size'
2026-08-06 11:14:50,703 - ERROR - Error in encoding goldman: 'str' object has no attribute 'size'
2026-08-06 11:14:50,703 - INFO - goldman            @   5.0% error: recovery=  0.0% (0/20), cost=     0bp, eff_density=0.0000
2026-08-06 11:14:50,706 - ERROR - Error in encoding goldman: 'str' object has no attribute 'size'
2026-08-06 11:14:50,710 - ERROR - Error in encoding goldman: 'str' object has no attribute 'size'
2026-08-06 11:14:50,714 - ERROR - Error in encoding goldman: 'str' object has no attribute 'size'
2026-08-06 11:14:50,717 - ERROR - Error in encoding goldman: 'str' object has no attribute 'size'
2026-08-06 11:14:50,720 - ERROR - Error in encoding goldman: 'str' object has no attribute 'size'
2026-08-06 11:14:50,723 - ERROR - Error in encoding goldman: 'str' object has no attribute 'size'
2026-08-06 11:14:50,726 - ERROR - Error in encoding goldman: 'str' object has no attribute 'size'
2026-08-06 11:14:50,729 - ERROR - Error in encoding goldman: 'str' object has no attribute 'size'
2026-08-06 11:14:50,735 - ERROR - Error in encoding goldman: 'str' object has no attribute 'size'
2026-08-06 11:14:50,739 - ERROR - Error in encoding goldman: 'str' object has no attribute 'size'
2026-08-06 11:14:50,743 - ERROR - Error in encoding goldman: 'str' object has no attribute 'size'
2026-08-06 11:14:50,748 - ERROR - Error in encoding goldman: 'str' object has no attribute 'size'
2026-08-06 11:14:50,753 - ERROR - Error in encoding goldman: 'str' object has no attribute 'size'
2026-08-06 11:14:50,756 - ERROR - Error in encoding goldman: 'str' object has no attribute 'size'
2026-08-06 11:14:50,760 - ERROR - Error in encoding goldman: 'str' object has no attribute 'size'
2026-08-06 11:14:50,766 - ERROR - Error in encoding goldman: 'str' object has no attribute 'size'
2026-08-06 11:14:50,770 - ERROR - Error in encoding goldman: 'str' object has no attribute 'size'
2026-08-06 11:14:50,774 - ERROR - Error in encoding goldman: 'str' object has no attribute 'size'
2026-08-06 11:14:50,778 - ERROR - Error in encoding goldman: 'str' object has no attribute 'size'
2026-08-06 11:14:50,782 - ERROR - Error in encoding goldman: 'str' object has no attribute 'size'
2026-08-06 11:14:50,782 - INFO - goldman            @  10.0% error: recovery=  0.0% (0/20), cost=     0bp, eff_density=0.0000
2026-08-06 11:14:50,785 - ERROR - Error in encoding goldman: 'str' object has no attribute 'size'
2026-08-06 11:14:50,789 - ERROR - Error in encoding goldman: 'str' object has no attribute 'size'
2026-08-06 11:14:50,792 - ERROR - Error in encoding goldman: 'str' object has no attribute 'size'
2026-08-06 11:14:50,795 - ERROR - Error in encoding goldman: 'str' object has no attribute 'size'
2026-08-06 11:14:50,799 - ERROR - Error in encoding goldman: 'str' object has no attribute 'size'
2026-08-06 11:14:50,802 - ERROR - Error in encoding goldman: 'str' object has no attribute 'size'
2026-08-06 11:14:50,805 - ERROR - Error in encoding goldman: 'str' object has no attribute 'size'
2026-08-06 11:14:50,809 - ERROR - Error in encoding goldman: 'str' object has no attribute 'size'
2026-08-06 11:14:50,812 - ERROR - Error in encoding goldman: 'str' object has no attribute 'size'
2026-08-06 11:14:50,816 - ERROR - Error in encoding goldman: 'str' object has no attribute 'size'
2026-08-06 11:14:50,819 - ERROR - Error in encoding goldman: 'str' object has no attribute 'size'
2026-08-06 11:14:50,822 - ERROR - Error in encoding goldman: 'str' object has no attribute 'size'
2026-08-06 11:14:50,826 - ERROR - Error in encoding goldman: 'str' object has no attribute 'size'
2026-08-06 11:14:50,829 - ERROR - Error in encoding goldman: 'str' object has no attribute 'size'
2026-08-06 11:14:50,833 - ERROR - Error in encoding goldman: 'str' object has no attribute 'size'
2026-08-06 11:14:50,836 - ERROR - Error in encoding goldman: 'str' object has no attribute 'size'
2026-08-06 11:14:50,839 - ERROR - Error in encoding goldman: 'str' object has no attribute 'size'
2026-08-06 11:14:50,842 - ERROR - Error in encoding goldman: 'str' object has no attribute 'size'
2026-08-06 11:14:50,846 - ERROR - Error in encoding goldman: 'str' object has no attribute 'size'
2026-08-06 11:14:50,849 - ERROR - Error in encoding goldman: 'str' object has no attribute 'size'
2026-08-06 11:14:50,849 - INFO - goldman            @  15.0% error: recovery=  0.0% (0/20), cost=     0bp, eff_density=0.0000
2026-08-06 11:14:50,852 - ERROR - Error in encoding goldman: 'str' object has no attribute 'size'
2026-08-06 11:14:50,856 - ERROR - Error in encoding goldman: 'str' object has no attribute 'size'
2026-08-06 11:14:50,859 - ERROR - Error in encoding goldman: 'str' object has no attribute 'size'
2026-08-06 11:14:50,862 - ERROR - Error in encoding goldman: 'str' object has no attribute 'size'
2026-08-06 11:14:50,866 - ERROR - Error in encoding goldman: 'str' object has no attribute 'size'
2026-08-06 11:14:50,869 - ERROR - Error in encoding goldman: 'str' object has no attribute 'size'
2026-08-06 11:14:50,872 - ERROR - Error in encoding goldman: 'str' object has no attribute 'size'
2026-08-06 11:14:50,875 - ERROR - Error in encoding goldman: 'str' object has no attribute 'size'
2026-08-06 11:14:50,878 - ERROR - Error in encoding goldman: 'str' object has no attribute 'size'
2026-08-06 11:14:50,882 - ERROR - Error in encoding goldman: 'str' object has no attribute 'size'
2026-08-06 11:14:50,885 - ERROR - Error in encoding goldman: 'str' object has no attribute 'size'
2026-08-06 11:14:50,888 - ERROR - Error in encoding goldman: 'str' object has no attribute 'size'
2026-08-06 11:14:50,891 - ERROR - Error in encoding goldman: 'str' object has no attribute 'size'
2026-08-06 11:14:50,895 - ERROR - Error in encoding goldman: 'str' object has no attribute 'size'
2026-08-06 11:14:50,899 - ERROR - Error in encoding goldman: 'str' object has no attribute 'size'
2026-08-06 11:14:50,902 - ERROR - Error in encoding goldman: 'str' object has no attribute 'size'
2026-08-06 11:14:50,906 - ERROR - Error in encoding goldman: 'str' object has no attribute 'size'
2026-08-06 11:14:50,909 - ERROR - Error in encoding goldman: 'str' object has no attribute 'size'
2026-08-06 11:14:50,912 - ERROR - Error in encoding goldman: 'str' object has no attribute 'size'
2026-08-06 11:14:50,916 - ERROR - Error in encoding goldman: 'str' object has no attribute 'size'
2026-08-06 11:14:50,916 - INFO - goldman            @  20.0% error: recovery=  0.0% (0/20), cost=     0bp, eff_density=0.0000
2026-08-06 11:14:50,923 - ERROR - Error in encoding church: 'str' object has no attribute 'size'
2026-08-06 11:14:50,927 - ERROR - Error in encoding church: 'str' object has no attribute 'size'
2026-08-06 11:14:50,930 - ERROR - Error in encoding church: 'str' object has no attribute 'size'
2026-08-06 11:14:50,933 - ERROR - Error in encoding church: 'str' object has no attribute 'size'
2026-08-06 11:14:50,937 - ERROR - Error in encoding church: 'str' object has no attribute 'size'
2026-08-06 11:14:50,940 - ERROR - Error in encoding church: 'str' object has no attribute 'size'
2026-08-06 11:14:50,943 - ERROR - Error in encoding church: 'str' object has no attribute 'size'
2026-08-06 11:14:50,947 - ERROR - Error in encoding church: 'str' object has no attribute 'size'
2026-08-06 11:14:50,950 - ERROR - Error in encoding church: 'str' object has no attribute 'size'
2026-08-06 11:14:50,953 - ERROR - Error in encoding church: 'str' object has no attribute 'size'
2026-08-06 11:14:50,957 - ERROR - Error in encoding church: 'str' object has no attribute 'size'
2026-08-06 11:14:50,960 - ERROR - Error in encoding church: 'str' object has no attribute 'size'
2026-08-06 11:14:50,963 - ERROR - Error in encoding church: 'str' object has no attribute 'size'
2026-08-06 11:14:50,967 - ERROR - Error in encoding church: 'str' object has no attribute 'size'
2026-08-06 11:14:50,970 - ERROR - Error in encoding church: 'str' object has no attribute 'size'
2026-08-06 11:14:50,973 - ERROR - Error in encoding church: 'str' object has no attribute 'size'
2026-08-06 11:14:50,976 - ERROR - Error in encoding church: 'str' object has no attribute 'size'
2026-08-06 11:14:50,980 - ERROR - Error in encoding church: 'str' object has no attribute 'size'
2026-08-06 11:14:50,983 - ERROR - Error in encoding church: 'str' object has no attribute 'size'
2026-08-06 11:14:50,987 - ERROR - Error in encoding church: 'str' object has no attribute 'size'
2026-08-06 11:14:50,987 - INFO - church             @   1.0% error: recovery=  0.0% (0/20), cost=     0bp, eff_density=0.0000
2026-08-06 11:14:50,990 - ERROR - Error in encoding church: 'str' object has no attribute 'size'
2026-08-06 11:14:50,993 - ERROR - Error in encoding church: 'str' object has no attribute 'size'
2026-08-06 11:14:50,997 - ERROR - Error in encoding church: 'str' object has no attribute 'size'
2026-08-06 11:14:51,001 - ERROR - Error in encoding church: 'str' object has no attribute 'size'
2026-08-06 11:14:51,004 - ERROR - Error in encoding church: 'str' object has no attribute 'size'
2026-08-06 11:14:51,007 - ERROR - Error in encoding church: 'str' object has no attribute 'size'
2026-08-06 11:14:51,010 - ERROR - Error in encoding church: 'str' object has no attribute 'size'
2026-08-06 11:14:51,014 - ERROR - Error in encoding church: 'str' object has no attribute 'size'
2026-08-06 11:14:51,017 - ERROR - Error in encoding church: 'str' object has no attribute 'size'
2026-08-06 11:14:51,020 - ERROR - Error in encoding church: 'str' object has no attribute 'size'
2026-08-06 11:14:51,023 - ERROR - Error in encoding church: 'str' object has no attribute 'size'
2026-08-06 11:14:51,026 - ERROR - Error in encoding church: 'str' object has no attribute 'size'
2026-08-06 11:14:51,031 - ERROR - Error in encoding church: 'str' object has no attribute 'size'
2026-08-06 11:14:51,034 - ERROR - Error in encoding church: 'str' object has no attribute 'size'
2026-08-06 11:14:51,037 - ERROR - Error in encoding church: 'str' object has no attribute 'size'
2026-08-06 11:14:51,041 - ERROR - Error in encoding church: 'str' object has no attribute 'size'
2026-08-06 11:14:51,044 - ERROR - Error in encoding church: 'str' object has no attribute 'size'
2026-08-06 11:14:51,047 - ERROR - Error in encoding church: 'str' object has no attribute 'size'
2026-08-06 11:14:51,050 - ERROR - Error in encoding church: 'str' object has no attribute 'size'
2026-08-06 11:14:51,053 - ERROR - Error in encoding church: 'str' object has no attribute 'size'
2026-08-06 11:14:51,054 - INFO - church             @   5.0% error: recovery=  0.0% (0/20), cost=     0bp, eff_density=0.0000
2026-08-06 11:14:51,057 - ERROR - Error in encoding church: 'str' object has no attribute 'size'
2026-08-06 11:14:51,060 - ERROR - Error in encoding church: 'str' object has no attribute 'size'
2026-08-06 11:14:51,063 - ERROR - Error in encoding church: 'str' object has no attribute 'size'
2026-08-06 11:14:51,066 - ERROR - Error in encoding church: 'str' object has no attribute 'size'
2026-08-06 11:14:51,070 - ERROR - Error in encoding church: 'str' object has no attribute 'size'
2026-08-06 11:14:51,073 - ERROR - Error in encoding church: 'str' object has no attribute 'size'
2026-08-06 11:14:51,076 - ERROR - Error in encoding church: 'str' object has no attribute 'size'
2026-08-06 11:14:51,079 - ERROR - Error in encoding church: 'str' object has no attribute 'size'
2026-08-06 11:14:51,083 - ERROR - Error in encoding church: 'str' object has no attribute 'size'
2026-08-06 11:14:51,086 - ERROR - Error in encoding church: 'str' object has no attribute 'size'
2026-08-06 11:14:51,089 - ERROR - Error in encoding church: 'str' object has no attribute 'size'
2026-08-06 11:14:51,091 - ERROR - Error in encoding church: 'str' object has no attribute 'size'
2026-08-06 11:14:51,094 - ERROR - Error in encoding church: 'str' object has no attribute 'size'
2026-08-06 11:14:51,098 - ERROR - Error in encoding church: 'str' object has no attribute 'size'
2026-08-06 11:14:51,101 - ERROR - Error in encoding church: 'str' object has no attribute 'size'
2026-08-06 11:14:51,104 - ERROR - Error in encoding church: 'str' object has no attribute 'size'
2026-08-06 11:14:51,107 - ERROR - Error in encoding church: 'str' object has no attribute 'size'
2026-08-06 11:14:51,110 - ERROR - Error in encoding church: 'str' object has no attribute 'size'
2026-08-06 11:14:51,114 - ERROR - Error in encoding church: 'str' object has no attribute 'size'
2026-08-06 11:14:51,117 - ERROR - Error in encoding church: 'str' object has no attribute 'size'
2026-08-06 11:14:51,117 - INFO - church             @  10.0% error: recovery=  0.0% (0/20), cost=     0bp, eff_density=0.0000
2026-08-06 11:14:51,120 - ERROR - Error in encoding church: 'str' object has no attribute 'size'
2026-08-06 11:14:51,123 - ERROR - Error in encoding church: 'str' object has no attribute 'size'
2026-08-06 11:14:51,127 - ERROR - Error in encoding church: 'str' object has no attribute 'size'
2026-08-06 11:14:51,130 - ERROR - Error in encoding church: 'str' object has no attribute 'size'
2026-08-06 11:14:51,133 - ERROR - Error in encoding church: 'str' object has no attribute 'size'
2026-08-06 11:14:51,137 - ERROR - Error in encoding church: 'str' object has no attribute 'size'
2026-08-06 11:14:51,139 - ERROR - Error in encoding church: 'str' object has no attribute 'size'
2026-08-06 11:14:51,143 - ERROR - Error in encoding church: 'str' object has no attribute 'size'
2026-08-06 11:14:51,145 - ERROR - Error in encoding church: 'str' object has no attribute 'size'
2026-08-06 11:14:51,149 - ERROR - Error in encoding church: 'str' object has no attribute 'size'
2026-08-06 11:14:51,152 - ERROR - Error in encoding church: 'str' object has no attribute 'size'
2026-08-06 11:14:51,155 - ERROR - Error in encoding church: 'str' object has no attribute 'size'
2026-08-06 11:14:51,159 - ERROR - Error in encoding church: 'str' object has no attribute 'size'
2026-08-06 11:14:51,162 - ERROR - Error in encoding church: 'str' object has no attribute 'size'
2026-08-06 11:14:51,165 - ERROR - Error in encoding church: 'str' object has no attribute 'size'
2026-08-06 11:14:51,168 - ERROR - Error in encoding church: 'str' object has no attribute 'size'
2026-08-06 11:14:51,171 - ERROR - Error in encoding church: 'str' object has no attribute 'size'
2026-08-06 11:14:51,174 - ERROR - Error in encoding church: 'str' object has no attribute 'size'
2026-08-06 11:14:51,177 - ERROR - Error in encoding church: 'str' object has no attribute 'size'
2026-08-06 11:14:51,180 - ERROR - Error in encoding church: 'str' object has no attribute 'size'
2026-08-06 11:14:51,180 - INFO - church             @  15.0% error: recovery=  0.0% (0/20), cost=     0bp, eff_density=0.0000
2026-08-06 11:14:51,184 - ERROR - Error in encoding church: 'str' object has no attribute 'size'
2026-08-06 11:14:51,187 - ERROR - Error in encoding church: 'str' object has no attribute 'size'
2026-08-06 11:14:51,190 - ERROR - Error in encoding church: 'str' object has no attribute 'size'
2026-08-06 11:14:51,193 - ERROR - Error in encoding church: 'str' object has no attribute 'size'
2026-08-06 11:14:51,196 - ERROR - Error in encoding church: 'str' object has no attribute 'size'
2026-08-06 11:14:51,200 - ERROR - Error in encoding church: 'str' object has no attribute 'size'
2026-08-06 11:14:51,203 - ERROR - Error in encoding church: 'str' object has no attribute 'size'
2026-08-06 11:14:51,207 - ERROR - Error in encoding church: 'str' object has no attribute 'size'
2026-08-06 11:14:51,210 - ERROR - Error in encoding church: 'str' object has no attribute 'size'
2026-08-06 11:14:51,214 - ERROR - Error in encoding church: 'str' object has no attribute 'size'
2026-08-06 11:14:51,217 - ERROR - Error in encoding church: 'str' object has no attribute 'size'
2026-08-06 11:14:51,220 - ERROR - Error in encoding church: 'str' object has no attribute 'size'
2026-08-06 11:14:51,224 - ERROR - Error in encoding church: 'str' object has no attribute 'size'
2026-08-06 11:14:51,227 - ERROR - Error in encoding church: 'str' object has no attribute 'size'
2026-08-06 11:14:51,230 - ERROR - Error in encoding church: 'str' object has no attribute 'size'
2026-08-06 11:14:51,234 - ERROR - Error in encoding church: 'str' object has no attribute 'size'
2026-08-06 11:14:51,237 - ERROR - Error in encoding church: 'str' object has no attribute 'size'
2026-08-06 11:14:51,240 - ERROR - Error in encoding church: 'str' object has no attribute 'size'
2026-08-06 11:14:51,242 - ERROR - Error in encoding church: 'str' object has no attribute 'size'
2026-08-06 11:14:51,245 - ERROR - Error in encoding church: 'str' object has no attribute 'size'
2026-08-06 11:14:51,245 - INFO - church             @  20.0% error: recovery=  0.0% (0/20), cost=     0bp, eff_density=0.0000
2026-08-06 11:14:51,255 - ERROR - Error in encoding gcplus: 'str' object has no attribute 'size'
2026-08-06 11:14:51,258 - ERROR - Error in encoding gcplus: 'str' object has no attribute 'size'
2026-08-06 11:14:51,262 - ERROR - Error in encoding gcplus: 'str' object has no attribute 'size'
2026-08-06 11:14:51,265 - ERROR - Error in encoding gcplus: 'str' object has no attribute 'size'
2026-08-06 11:14:51,268 - ERROR - Error in encoding gcplus: 'str' object has no attribute 'size'
2026-08-06 11:14:51,271 - ERROR - Error in encoding gcplus: 'str' object has no attribute 'size'
2026-08-06 11:14:51,274 - ERROR - Error in encoding gcplus: 'str' object has no attribute 'size'
2026-08-06 11:14:51,277 - ERROR - Error in encoding gcplus: 'str' object has no attribute 'size'
2026-08-06 11:14:51,280 - ERROR - Error in encoding gcplus: 'str' object has no attribute 'size'
2026-08-06 11:14:51,284 - ERROR - Error in encoding gcplus: 'str' object has no attribute 'size'
2026-08-06 11:14:51,287 - ERROR - Error in encoding gcplus: 'str' object has no attribute 'size'
2026-08-06 11:14:51,290 - ERROR - Error in encoding gcplus: 'str' object has no attribute 'size'
2026-08-06 11:14:51,294 - ERROR - Error in encoding gcplus: 'str' object has no attribute 'size'
2026-08-06 11:14:51,297 - ERROR - Error in encoding gcplus: 'str' object has no attribute 'size'
2026-08-06 11:14:51,301 - ERROR - Error in encoding gcplus: 'str' object has no attribute 'size'
2026-08-06 11:14:51,304 - ERROR - Error in encoding gcplus: 'str' object has no attribute 'size'
2026-08-06 11:14:51,307 - ERROR - Error in encoding gcplus: 'str' object has no attribute 'size'
2026-08-06 11:14:51,310 - ERROR - Error in encoding gcplus: 'str' object has no attribute 'size'
2026-08-06 11:14:51,313 - ERROR - Error in encoding gcplus: 'str' object has no attribute 'size'
2026-08-06 11:14:51,316 - ERROR - Error in encoding gcplus: 'str' object has no attribute 'size'
2026-08-06 11:14:51,316 - INFO - gcplus             @   1.0% error: recovery=  0.0% (0/20), cost=     0bp, eff_density=0.0000
2026-08-06 11:14:51,320 - ERROR - Error in encoding gcplus: 'str' object has no attribute 'size'
2026-08-06 11:14:51,323 - ERROR - Error in encoding gcplus: 'str' object has no attribute 'size'
2026-08-06 11:14:51,326 - ERROR - Error in encoding gcplus: 'str' object has no attribute 'size'
2026-08-06 11:14:51,329 - ERROR - Error in encoding gcplus: 'str' object has no attribute 'size'
2026-08-06 11:14:51,332 - ERROR - Error in encoding gcplus: 'str' object has no attribute 'size'
2026-08-06 11:14:51,335 - ERROR - Error in encoding gcplus: 'str' object has no attribute 'size'
2026-08-06 11:14:51,338 - ERROR - Error in encoding gcplus: 'str' object has no attribute 'size'
2026-08-06 11:14:51,341 - ERROR - Error in encoding gcplus: 'str' object has no attribute 'size'
2026-08-06 11:14:51,344 - ERROR - Error in encoding gcplus: 'str' object has no attribute 'size'
2026-08-06 11:14:51,348 - ERROR - Error in encoding gcplus: 'str' object has no attribute 'size'
2026-08-06 11:14:51,351 - ERROR - Error in encoding gcplus: 'str' object has no attribute 'size'
2026-08-06 11:14:51,354 - ERROR - Error in encoding gcplus: 'str' object has no attribute 'size'
2026-08-06 11:14:51,357 - ERROR - Error in encoding gcplus: 'str' object has no attribute 'size'
2026-08-06 11:14:51,359 - ERROR - Error in encoding gcplus: 'str' object has no attribute 'size'
2026-08-06 11:14:51,363 - ERROR - Error in encoding gcplus: 'str' object has no attribute 'size'
2026-08-06 11:14:51,366 - ERROR - Error in encoding gcplus: 'str' object has no attribute 'size'
2026-08-06 11:14:51,370 - ERROR - Error in encoding gcplus: 'str' object has no attribute 'size'
2026-08-06 11:14:51,372 - ERROR - Error in encoding gcplus: 'str' object has no attribute 'size'
2026-08-06 11:14:51,375 - ERROR - Error in encoding gcplus: 'str' object has no attribute 'size'
2026-08-06 11:14:51,378 - ERROR - Error in encoding gcplus: 'str' object has no attribute 'size'
2026-08-06 11:14:51,378 - INFO - gcplus             @   5.0% error: recovery=  0.0% (0/20), cost=     0bp, eff_density=0.0000
2026-08-06 11:14:51,387 - ERROR - Error in encoding gcplus: 'str' object has no attribute 'size'
2026-08-06 11:14:51,392 - ERROR - Error in encoding gcplus: 'str' object has no attribute 'size'
2026-08-06 11:14:51,397 - ERROR - Error in encoding gcplus: 'str' object has no attribute 'size'
2026-08-06 11:14:51,403 - ERROR - Error in encoding gcplus: 'str' object has no attribute 'size'
2026-08-06 11:14:51,407 - ERROR - Error in encoding gcplus: 'str' object has no attribute 'size'
2026-08-06 11:14:51,412 - ERROR - Error in encoding gcplus: 'str' object has no attribute 'size'
2026-08-06 11:14:51,417 - ERROR - Error in encoding gcplus: 'str' object has no attribute 'size'
2026-08-06 11:14:51,421 - ERROR - Error in encoding gcplus: 'str' object has no attribute 'size'
2026-08-06 11:14:51,427 - ERROR - Error in encoding gcplus: 'str' object has no attribute 'size'
2026-08-06 11:14:51,431 - ERROR - Error in encoding gcplus: 'str' object has no attribute 'size'
2026-08-06 11:14:51,434 - ERROR - Error in encoding gcplus: 'str' object has no attribute 'size'
2026-08-06 11:14:51,437 - ERROR - Error in encoding gcplus: 'str' object has no attribute 'size'
2026-08-06 11:14:51,441 - ERROR - Error in encoding gcplus: 'str' object has no attribute 'size'
2026-08-06 11:14:51,444 - ERROR - Error in encoding gcplus: 'str' object has no attribute 'size'
2026-08-06 11:14:51,448 - ERROR - Error in encoding gcplus: 'str' object has no attribute 'size'
2026-08-06 11:14:51,451 - ERROR - Error in encoding gcplus: 'str' object has no attribute 'size'
2026-08-06 11:14:51,454 - ERROR - Error in encoding gcplus: 'str' object has no attribute 'size'
2026-08-06 11:14:51,458 - ERROR - Error in encoding gcplus: 'str' object has no attribute 'size'
2026-08-06 11:14:51,461 - ERROR - Error in encoding gcplus: 'str' object has no attribute 'size'
2026-08-06 11:14:51,464 - ERROR - Error in encoding gcplus: 'str' object has no attribute 'size'
2026-08-06 11:14:51,464 - INFO - gcplus             @  10.0% error: recovery=  0.0% (0/20), cost=     0bp, eff_density=0.0000
2026-08-06 11:14:51,467 - ERROR - Error in encoding gcplus: 'str' object has no attribute 'size'
2026-08-06 11:14:51,471 - ERROR - Error in encoding gcplus: 'str' object has no attribute 'size'
2026-08-06 11:14:51,475 - ERROR - Error in encoding gcplus: 'str' object has no attribute 'size'
2026-08-06 11:14:51,479 - ERROR - Error in encoding gcplus: 'str' object has no attribute 'size'
2026-08-06 11:14:51,482 - ERROR - Error in encoding gcplus: 'str' object has no attribute 'size'
2026-08-06 11:14:51,485 - ERROR - Error in encoding gcplus: 'str' object has no attribute 'size'
2026-08-06 11:14:51,488 - ERROR - Error in encoding gcplus: 'str' object has no attribute 'size'
2026-08-06 11:14:51,491 - ERROR - Error in encoding gcplus: 'str' object has no attribute 'size'
2026-08-06 11:14:51,495 - ERROR - Error in encoding gcplus: 'str' object has no attribute 'size'
2026-08-06 11:14:51,498 - ERROR - Error in encoding gcplus: 'str' object has no attribute 'size'
2026-08-06 11:14:51,501 - ERROR - Error in encoding gcplus: 'str' object has no attribute 'size'
2026-08-06 11:14:51,505 - ERROR - Error in encoding gcplus: 'str' object has no attribute 'size'
2026-08-06 11:14:51,508 - ERROR - Error in encoding gcplus: 'str' object has no attribute 'size'
2026-08-06 11:14:51,511 - ERROR - Error in encoding gcplus: 'str' object has no attribute 'size'
2026-08-06 11:14:51,515 - ERROR - Error in encoding gcplus: 'str' object has no attribute 'size'
2026-08-06 11:14:51,518 - ERROR - Error in encoding gcplus: 'str' object has no attribute 'size'
2026-08-06 11:14:51,521 - ERROR - Error in encoding gcplus: 'str' object has no attribute 'size'
2026-08-06 11:14:51,525 - ERROR - Error in encoding gcplus: 'str' object has no attribute 'size'
2026-08-06 11:14:51,528 - ERROR - Error in encoding gcplus: 'str' object has no attribute 'size'
2026-08-06 11:14:51,532 - ERROR - Error in encoding gcplus: 'str' object has no attribute 'size'
2026-08-06 11:14:51,532 - INFO - gcplus             @  15.0% error: recovery=  0.0% (0/20), cost=     0bp, eff_density=0.0000
2026-08-06 11:14:51,536 - ERROR - Error in encoding gcplus: 'str' object has no attribute 'size'
2026-08-06 11:14:51,538 - ERROR - Error in encoding gcplus: 'str' object has no attribute 'size'
2026-08-06 11:14:51,542 - ERROR - Error in encoding gcplus: 'str' object has no attribute 'size'
2026-08-06 11:14:51,545 - ERROR - Error in encoding gcplus: 'str' object has no attribute 'size'
2026-08-06 11:14:51,549 - ERROR - Error in encoding gcplus: 'str' object has no attribute 'size'
2026-08-06 11:14:51,552 - ERROR - Error in encoding gcplus: 'str' object has no attribute 'size'
2026-08-06 11:14:51,556 - ERROR - Error in encoding gcplus: 'str' object has no attribute 'size'
2026-08-06 11:14:51,559 - ERROR - Error in encoding gcplus: 'str' object has no attribute 'size'
2026-08-06 11:14:51,564 - ERROR - Error in encoding gcplus: 'str' object has no attribute 'size'
2026-08-06 11:14:51,567 - ERROR - Error in encoding gcplus: 'str' object has no attribute 'size'
2026-08-06 11:14:51,571 - ERROR - Error in encoding gcplus: 'str' object has no attribute 'size'
2026-08-06 11:14:51,574 - ERROR - Error in encoding gcplus: 'str' object has no attribute 'size'
2026-08-06 11:14:51,578 - ERROR - Error in encoding gcplus: 'str' object has no attribute 'size'
2026-08-06 11:14:51,582 - ERROR - Error in encoding gcplus: 'str' object has no attribute 'size'
2026-08-06 11:14:51,586 - ERROR - Error in encoding gcplus: 'str' object has no attribute 'size'
2026-08-06 11:14:51,589 - ERROR - Error in encoding gcplus: 'str' object has no attribute 'size'
2026-08-06 11:14:51,592 - ERROR - Error in encoding gcplus: 'str' object has no attribute 'size'
2026-08-06 11:14:51,595 - ERROR - Error in encoding gcplus: 'str' object has no attribute 'size'
2026-08-06 11:14:51,599 - ERROR - Error in encoding gcplus: 'str' object has no attribute 'size'
2026-08-06 11:14:51,602 - ERROR - Error in encoding gcplus: 'str' object has no attribute 'size'
2026-08-06 11:14:51,602 - INFO - gcplus             @  20.0% error: recovery=  0.0% (0/20), cost=     0bp, eff_density=0.0000
2026-08-06 11:14:51,625 - ERROR - Error in encoding max_density: 'str' object has no attribute 'size'
2026-08-06 11:14:51,629 - ERROR - Error in encoding max_density: 'str' object has no attribute 'size'
2026-08-06 11:14:51,632 - ERROR - Error in encoding max_density: 'str' object has no attribute 'size'
2026-08-06 11:14:51,635 - ERROR - Error in encoding max_density: 'str' object has no attribute 'size'
2026-08-06 11:14:51,639 - ERROR - Error in encoding max_density: 'str' object has no attribute 'size'
2026-08-06 11:14:51,642 - ERROR - Error in encoding max_density: 'str' object has no attribute 'size'
2026-08-06 11:14:51,644 - ERROR - Error in encoding max_density: 'str' object has no attribute 'size'
2026-08-06 11:14:51,648 - ERROR - Error in encoding max_density: 'str' object has no attribute 'size'
2026-08-06 11:14:51,651 - ERROR - Error in encoding max_density: 'str' object has no attribute 'size'
2026-08-06 11:14:51,654 - ERROR - Error in encoding max_density: 'str' object has no attribute 'size'
2026-08-06 11:14:51,657 - ERROR - Error in encoding max_density: 'str' object has no attribute 'size'
2026-08-06 11:14:51,660 - ERROR - Error in encoding max_density: 'str' object has no attribute 'size'
2026-08-06 11:14:51,663 - ERROR - Error in encoding max_density: 'str' object has no attribute 'size'
2026-08-06 11:14:51,667 - ERROR - Error in encoding max_density: 'str' object has no attribute 'size'
2026-08-06 11:14:51,671 - ERROR - Error in encoding max_density: 'str' object has no attribute 'size'
2026-08-06 11:14:51,675 - ERROR - Error in encoding max_density: 'str' object has no attribute 'size'
2026-08-06 11:14:51,678 - ERROR - Error in encoding max_density: 'str' object has no attribute 'size'
2026-08-06 11:14:51,682 - ERROR - Error in encoding max_density: 'str' object has no attribute 'size'
2026-08-06 11:14:51,685 - ERROR - Error in encoding max_density: 'str' object has no attribute 'size'
2026-08-06 11:14:51,688 - ERROR - Error in encoding max_density: 'str' object has no attribute 'size'
2026-08-06 11:14:51,688 - INFO - max_density        @   1.0% error: recovery=  0.0% (0/20), cost=     0bp, eff_density=0.0000
2026-08-06 11:14:51,691 - ERROR - Error in encoding max_density: 'str' object has no attribute 'size'
2026-08-06 11:14:51,694 - ERROR - Error in encoding max_density: 'str' object has no attribute 'size'
2026-08-06 11:14:51,698 - ERROR - Error in encoding max_density: 'str' object has no attribute 'size'
2026-08-06 11:14:51,701 - ERROR - Error in encoding max_density: 'str' object has no attribute 'size'
2026-08-06 11:14:51,704 - ERROR - Error in encoding max_density: 'str' object has no attribute 'size'
2026-08-06 11:14:51,708 - ERROR - Error in encoding max_density: 'str' object has no attribute 'size'
2026-08-06 11:14:51,711 - ERROR - Error in encoding max_density: 'str' object has no attribute 'size'
2026-08-06 11:14:51,714 - ERROR - Error in encoding max_density: 'str' object has no attribute 'size'
2026-08-06 11:14:51,717 - ERROR - Error in encoding max_density: 'str' object has no attribute 'size'
2026-08-06 11:14:51,721 - ERROR - Error in encoding max_density: 'str' object has no attribute 'size'
2026-08-06 11:14:51,725 - ERROR - Error in encoding max_density: 'str' object has no attribute 'size'
2026-08-06 11:14:51,728 - ERROR - Error in encoding max_density: 'str' object has no attribute 'size'
2026-08-06 11:14:51,732 - ERROR - Error in encoding max_density: 'str' object has no attribute 'size'
2026-08-06 11:14:51,735 - ERROR - Error in encoding max_density: 'str' object has no attribute 'size'
2026-08-06 11:14:51,738 - ERROR - Error in encoding max_density: 'str' object has no attribute 'size'
2026-08-06 11:14:51,741 - ERROR - Error in encoding max_density: 'str' object has no attribute 'size'
2026-08-06 11:14:51,744 - ERROR - Error in encoding max_density: 'str' object has no attribute 'size'
2026-08-06 11:14:51,748 - ERROR - Error in encoding max_density: 'str' object has no attribute 'size'
2026-08-06 11:14:51,751 - ERROR - Error in encoding max_density: 'str' object has no attribute 'size'
2026-08-06 11:14:51,754 - ERROR - Error in encoding max_density: 'str' object has no attribute 'size'
2026-08-06 11:14:51,754 - INFO - max_density        @   5.0% error: recovery=  0.0% (0/20), cost=     0bp, eff_density=0.0000
2026-08-06 11:14:51,758 - ERROR - Error in encoding max_density: 'str' object has no attribute 'size'
2026-08-06 11:14:51,761 - ERROR - Error in encoding max_density: 'str' object has no attribute 'size'
2026-08-06 11:14:51,765 - ERROR - Error in encoding max_density: 'str' object has no attribute 'size'
2026-08-06 11:14:51,768 - ERROR - Error in encoding max_density: 'str' object has no attribute 'size'
2026-08-06 11:14:51,771 - ERROR - Error in encoding max_density: 'str' object has no attribute 'size'
2026-08-06 11:14:51,774 - ERROR - Error in encoding max_density: 'str' object has no attribute 'size'
2026-08-06 11:14:51,777 - ERROR - Error in encoding max_density: 'str' object has no attribute 'size'
2026-08-06 11:14:51,781 - ERROR - Error in encoding max_density: 'str' object has no attribute 'size'
2026-08-06 11:14:51,784 - ERROR - Error in encoding max_density: 'str' object has no attribute 'size'
2026-08-06 11:14:51,787 - ERROR - Error in encoding max_density: 'str' object has no attribute 'size'
2026-08-06 11:14:51,791 - ERROR - Error in encoding max_density: 'str' object has no attribute 'size'
2026-08-06 11:14:51,794 - ERROR - Error in encoding max_density: 'str' object has no attribute 'size'
2026-08-06 11:14:51,798 - ERROR - Error in encoding max_density: 'str' object has no attribute 'size'
2026-08-06 11:14:51,807 - ERROR - Error in encoding max_density: 'str' object has no attribute 'size'
2026-08-06 11:14:51,810 - ERROR - Error in encoding max_density: 'str' object has no attribute 'size'
2026-08-06 11:14:51,813 - ERROR - Error in encoding max_density: 'str' object has no attribute 'size'
2026-08-06 11:14:51,817 - ERROR - Error in encoding max_density: 'str' object has no attribute 'size'
2026-08-06 11:14:51,820 - ERROR - Error in encoding max_density: 'str' object has no attribute 'size'
2026-08-06 11:14:51,823 - ERROR - Error in encoding max_density: 'str' object has no attribute 'size'
2026-08-06 11:14:51,826 - ERROR - Error in encoding max_density: 'str' object has no attribute 'size'
2026-08-06 11:14:51,826 - INFO - max_density        @  10.0% error: recovery=  0.0% (0/20), cost=     0bp, eff_density=0.0000
2026-08-06 11:14:51,829 - ERROR - Error in encoding max_density: 'str' object has no attribute 'size'
2026-08-06 11:14:51,833 - ERROR - Error in encoding max_density: 'str' object has no attribute 'size'
2026-08-06 11:14:51,836 - ERROR - Error in encoding max_density: 'str' object has no attribute 'size'
2026-08-06 11:14:51,838 - ERROR - Error in encoding max_density: 'str' object has no attribute 'size'
2026-08-06 11:14:51,842 - ERROR - Error in encoding max_density: 'str' object has no attribute 'size'
2026-08-06 11:14:51,845 - ERROR - Error in encoding max_density: 'str' object has no attribute 'size'
2026-08-06 11:14:51,849 - ERROR - Error in encoding max_density: 'str' object has no attribute 'size'
2026-08-06 11:14:51,852 - ERROR - Error in encoding max_density: 'str' object has no attribute 'size'
2026-08-06 11:14:51,855 - ERROR - Error in encoding max_density: 'str' object has no attribute 'size'
2026-08-06 11:14:51,858 - ERROR - Error in encoding max_density: 'str' object has no attribute 'size'
2026-08-06 11:14:51,860 - ERROR - Error in encoding max_density: 'str' object has no attribute 'size'
2026-08-06 11:14:51,864 - ERROR - Error in encoding max_density: 'str' object has no attribute 'size'
2026-08-06 11:14:51,868 - ERROR - Error in encoding max_density: 'str' object has no attribute 'size'
2026-08-06 11:14:51,871 - ERROR - Error in encoding max_density: 'str' object has no attribute 'size'
2026-08-06 11:14:51,874 - ERROR - Error in encoding max_density: 'str' object has no attribute 'size'
2026-08-06 11:14:51,877 - ERROR - Error in encoding max_density: 'str' object has no attribute 'size'
2026-08-06 11:14:51,880 - ERROR - Error in encoding max_density: 'str' object has no attribute 'size'
2026-08-06 11:14:51,883 - ERROR - Error in encoding max_density: 'str' object has no attribute 'size'
2026-08-06 11:14:51,886 - ERROR - Error in encoding max_density: 'str' object has no attribute 'size'
2026-08-06 11:14:51,889 - ERROR - Error in encoding max_density: 'str' object has no attribute 'size'
2026-08-06 11:14:51,890 - INFO - max_density        @  15.0% error: recovery=  0.0% (0/20), cost=     0bp, eff_density=0.0000
2026-08-06 11:14:51,893 - ERROR - Error in encoding max_density: 'str' object has no attribute 'size'
2026-08-06 11:14:51,896 - ERROR - Error in encoding max_density: 'str' object has no attribute 'size'
2026-08-06 11:14:51,899 - ERROR - Error in encoding max_density: 'str' object has no attribute 'size'
2026-08-06 11:14:51,902 - ERROR - Error in encoding max_density: 'str' object has no attribute 'size'
2026-08-06 11:14:51,905 - ERROR - Error in encoding max_density: 'str' object has no attribute 'size'
2026-08-06 11:14:51,908 - ERROR - Error in encoding max_density: 'str' object has no attribute 'size'
2026-08-06 11:14:51,912 - ERROR - Error in encoding max_density: 'str' object has no attribute 'size'
2026-08-06 11:14:51,915 - ERROR - Error in encoding max_density: 'str' object has no attribute 'size'
2026-08-06 11:14:51,918 - ERROR - Error in encoding max_density: 'str' object has no attribute 'size'
2026-08-06 11:14:51,921 - ERROR - Error in encoding max_density: 'str' object has no attribute 'size'
2026-08-06 11:14:51,925 - ERROR - Error in encoding max_density: 'str' object has no attribute 'size'
2026-08-06 11:14:51,928 - ERROR - Error in encoding max_density: 'str' object has no attribute 'size'
2026-08-06 11:14:51,931 - ERROR - Error in encoding max_density: 'str' object has no attribute 'size'
2026-08-06 11:14:51,934 - ERROR - Error in encoding max_density: 'str' object has no attribute 'size'
2026-08-06 11:14:51,937 - ERROR - Error in encoding max_density: 'str' object has no attribute 'size'
2026-08-06 11:14:51,940 - ERROR - Error in encoding max_density: 'str' object has no attribute 'size'
2026-08-06 11:14:51,943 - ERROR - Error in encoding max_density: 'str' object has no attribute 'size'
2026-08-06 11:14:51,947 - ERROR - Error in encoding max_density: 'str' object has no attribute 'size'
2026-08-06 11:14:51,950 - ERROR - Error in encoding max_density: 'str' object has no attribute 'size'
2026-08-06 11:14:51,954 - ERROR - Error in encoding max_density: 'str' object has no attribute 'size'
2026-08-06 11:14:51,954 - INFO - max_density        @  20.0% error: recovery=  0.0% (0/20), cost=     0bp, eff_density=0.0000
2026-08-06 11:14:51,963 - ERROR - Error in encoding no_homopolymer: 'str' object has no attribute 'size'
2026-08-06 11:14:51,968 - ERROR - Error in encoding no_homopolymer: 'str' object has no attribute 'size'
2026-08-06 11:14:51,971 - ERROR - Error in encoding no_homopolymer: 'str' object has no attribute 'size'
2026-08-06 11:14:51,974 - ERROR - Error in encoding no_homopolymer: 'str' object has no attribute 'size'
2026-08-06 11:14:51,977 - ERROR - Error in encoding no_homopolymer: 'str' object has no attribute 'size'
2026-08-06 11:14:51,983 - ERROR - Error in encoding no_homopolymer: 'str' object has no attribute 'size'
2026-08-06 11:14:51,987 - ERROR - Error in encoding no_homopolymer: 'str' object has no attribute 'size'
2026-08-06 11:14:51,990 - ERROR - Error in encoding no_homopolymer: 'str' object has no attribute 'size'
2026-08-06 11:14:51,994 - ERROR - Error in encoding no_homopolymer: 'str' object has no attribute 'size'
2026-08-06 11:14:51,998 - ERROR - Error in encoding no_homopolymer: 'str' object has no attribute 'size'
2026-08-06 11:14:52,002 - ERROR - Error in encoding no_homopolymer: 'str' object has no attribute 'size'
2026-08-06 11:14:52,006 - ERROR - Error in encoding no_homopolymer: 'str' object has no attribute 'size'
2026-08-06 11:14:52,009 - ERROR - Error in encoding no_homopolymer: 'str' object has no attribute 'size'
2026-08-06 11:14:52,012 - ERROR - Error in encoding no_homopolymer: 'str' object has no attribute 'size'
2026-08-06 11:14:52,017 - ERROR - Error in encoding no_homopolymer: 'str' object has no attribute 'size'
2026-08-06 11:14:52,021 - ERROR - Error in encoding no_homopolymer: 'str' object has no attribute 'size'
2026-08-06 11:14:52,024 - ERROR - Error in encoding no_homopolymer: 'str' object has no attribute 'size'
2026-08-06 11:14:52,028 - ERROR - Error in encoding no_homopolymer: 'str' object has no attribute 'size'
2026-08-06 11:14:52,033 - ERROR - Error in encoding no_homopolymer: 'str' object has no attribute 'size'
2026-08-06 11:14:52,036 - ERROR - Error in encoding no_homopolymer: 'str' object has no attribute 'size'
2026-08-06 11:14:52,036 - INFO - no_homopolymer     @   1.0% error: recovery=  0.0% (0/20), cost=     0bp, eff_density=0.0000
2026-08-06 11:14:52,039 - ERROR - Error in encoding no_homopolymer: 'str' object has no attribute 'size'
2026-08-06 11:14:52,042 - ERROR - Error in encoding no_homopolymer: 'str' object has no attribute 'size'
2026-08-06 11:14:52,046 - ERROR - Error in encoding no_homopolymer: 'str' object has no attribute 'size'
2026-08-06 11:14:52,050 - ERROR - Error in encoding no_homopolymer: 'str' object has no attribute 'size'
2026-08-06 11:14:52,053 - ERROR - Error in encoding no_homopolymer: 'str' object has no attribute 'size'
2026-08-06 11:14:52,056 - ERROR - Error in encoding no_homopolymer: 'str' object has no attribute 'size'
2026-08-06 11:14:52,060 - ERROR - Error in encoding no_homopolymer: 'str' object has no attribute 'size'
2026-08-06 11:14:52,063 - ERROR - Error in encoding no_homopolymer: 'str' object has no attribute 'size'
2026-08-06 11:14:52,067 - ERROR - Error in encoding no_homopolymer: 'str' object has no attribute 'size'
2026-08-06 11:14:52,070 - ERROR - Error in encoding no_homopolymer: 'str' object has no attribute 'size'
2026-08-06 11:14:52,074 - ERROR - Error in encoding no_homopolymer: 'str' object has no attribute 'size'
2026-08-06 11:14:52,076 - ERROR - Error in encoding no_homopolymer: 'str' object has no attribute 'size'
2026-08-06 11:14:52,080 - ERROR - Error in encoding no_homopolymer: 'str' object has no attribute 'size'
2026-08-06 11:14:52,083 - ERROR - Error in encoding no_homopolymer: 'str' object has no attribute 'size'
2026-08-06 11:14:52,087 - ERROR - Error in encoding no_homopolymer: 'str' object has no attribute 'size'
2026-08-06 11:14:52,090 - ERROR - Error in encoding no_homopolymer: 'str' object has no attribute 'size'
2026-08-06 11:14:52,093 - ERROR - Error in encoding no_homopolymer: 'str' object has no attribute 'size'
2026-08-06 11:14:52,097 - ERROR - Error in encoding no_homopolymer: 'str' object has no attribute 'size'
2026-08-06 11:14:52,100 - ERROR - Error in encoding no_homopolymer: 'str' object has no attribute 'size'
2026-08-06 11:14:52,103 - ERROR - Error in encoding no_homopolymer: 'str' object has no attribute 'size'
2026-08-06 11:14:52,103 - INFO - no_homopolymer     @   5.0% error: recovery=  0.0% (0/20), cost=     0bp, eff_density=0.0000
2026-08-06 11:14:52,107 - ERROR - Error in encoding no_homopolymer: 'str' object has no attribute 'size'
2026-08-06 11:14:52,109 - ERROR - Error in encoding no_homopolymer: 'str' object has no attribute 'size'
2026-08-06 11:14:52,112 - ERROR - Error in encoding no_homopolymer: 'str' object has no attribute 'size'
2026-08-06 11:14:52,116 - ERROR - Error in encoding no_homopolymer: 'str' object has no attribute 'size'
2026-08-06 11:14:52,119 - ERROR - Error in encoding no_homopolymer: 'str' object has no attribute 'size'
2026-08-06 11:14:52,122 - ERROR - Error in encoding no_homopolymer: 'str' object has no attribute 'size'
2026-08-06 11:14:52,126 - ERROR - Error in encoding no_homopolymer: 'str' object has no attribute 'size'
2026-08-06 11:14:52,129 - ERROR - Error in encoding no_homopolymer: 'str' object has no attribute 'size'
2026-08-06 11:14:52,132 - ERROR - Error in encoding no_homopolymer: 'str' object has no attribute 'size'
2026-08-06 11:14:52,135 - ERROR - Error in encoding no_homopolymer: 'str' object has no attribute 'size'
2026-08-06 11:14:52,138 - ERROR - Error in encoding no_homopolymer: 'str' object has no attribute 'size'
2026-08-06 11:14:52,141 - ERROR - Error in encoding no_homopolymer: 'str' object has no attribute 'size'
2026-08-06 11:14:52,145 - ERROR - Error in encoding no_homopolymer: 'str' object has no attribute 'size'
2026-08-06 11:14:52,148 - ERROR - Error in encoding no_homopolymer: 'str' object has no attribute 'size'
2026-08-06 11:14:52,151 - ERROR - Error in encoding no_homopolymer: 'str' object has no attribute 'size'
2026-08-06 11:14:52,155 - ERROR - Error in encoding no_homopolymer: 'str' object has no attribute 'size'
2026-08-06 11:14:52,158 - ERROR - Error in encoding no_homopolymer: 'str' object has no attribute 'size'
2026-08-06 11:14:52,161 - ERROR - Error in encoding no_homopolymer: 'str' object has no attribute 'size'
2026-08-06 11:14:52,165 - ERROR - Error in encoding no_homopolymer: 'str' object has no attribute 'size'
2026-08-06 11:14:52,168 - ERROR - Error in encoding no_homopolymer: 'str' object has no attribute 'size'
2026-08-06 11:14:52,168 - INFO - no_homopolymer     @  10.0% error: recovery=  0.0% (0/20), cost=     0bp, eff_density=0.0000
2026-08-06 11:14:52,171 - ERROR - Error in encoding no_homopolymer: 'str' object has no attribute 'size'
2026-08-06 11:14:52,174 - ERROR - Error in encoding no_homopolymer: 'str' object has no attribute 'size'
2026-08-06 11:14:52,177 - ERROR - Error in encoding no_homopolymer: 'str' object has no attribute 'size'
2026-08-06 11:14:52,180 - ERROR - Error in encoding no_homopolymer: 'str' object has no attribute 'size'
2026-08-06 11:14:52,184 - ERROR - Error in encoding no_homopolymer: 'str' object has no attribute 'size'
2026-08-06 11:14:52,187 - ERROR - Error in encoding no_homopolymer: 'str' object has no attribute 'size'
2026-08-06 11:14:52,190 - ERROR - Error in encoding no_homopolymer: 'str' object has no attribute 'size'
2026-08-06 11:14:52,192 - ERROR - Error in encoding no_homopolymer: 'str' object has no attribute 'size'
2026-08-06 11:14:52,195 - ERROR - Error in encoding no_homopolymer: 'str' object has no attribute 'size'
2026-08-06 11:14:52,200 - ERROR - Error in encoding no_homopolymer: 'str' object has no attribute 'size'
2026-08-06 11:14:52,203 - ERROR - Error in encoding no_homopolymer: 'str' object has no attribute 'size'
2026-08-06 11:14:52,206 - ERROR - Error in encoding no_homopolymer: 'str' object has no attribute 'size'
2026-08-06 11:14:52,209 - ERROR - Error in encoding no_homopolymer: 'str' object has no attribute 'size'
2026-08-06 11:14:52,212 - ERROR - Error in encoding no_homopolymer: 'str' object has no attribute 'size'
2026-08-06 11:14:52,216 - ERROR - Error in encoding no_homopolymer: 'str' object has no attribute 'size'
2026-08-06 11:14:52,219 - ERROR - Error in encoding no_homopolymer: 'str' object has no attribute 'size'
2026-08-06 11:14:52,222 - ERROR - Error in encoding no_homopolymer: 'str' object has no attribute 'size'
2026-08-06 11:14:52,225 - ERROR - Error in encoding no_homopolymer: 'str' object has no attribute 'size'
2026-08-06 11:14:52,228 - ERROR - Error in encoding no_homopolymer: 'str' object has no attribute 'size'
2026-08-06 11:14:52,232 - ERROR - Error in encoding no_homopolymer: 'str' object has no attribute 'size'
2026-08-06 11:14:52,232 - INFO - no_homopolymer     @  15.0% error: recovery=  0.0% (0/20), cost=     0bp, eff_density=0.0000
2026-08-06 11:14:52,235 - ERROR - Error in encoding no_homopolymer: 'str' object has no attribute 'size'
2026-08-06 11:14:52,238 - ERROR - Error in encoding no_homopolymer: 'str' object has no attribute 'size'
2026-08-06 11:14:52,241 - ERROR - Error in encoding no_homopolymer: 'str' object has no attribute 'size'
2026-08-06 11:14:52,245 - ERROR - Error in encoding no_homopolymer: 'str' object has no attribute 'size'
2026-08-06 11:14:52,248 - ERROR - Error in encoding no_homopolymer: 'str' object has no attribute 'size'
2026-08-06 11:14:52,251 - ERROR - Error in encoding no_homopolymer: 'str' object has no attribute 'size'
2026-08-06 11:14:52,254 - ERROR - Error in encoding no_homopolymer: 'str' object has no attribute 'size'
2026-08-06 11:14:52,257 - ERROR - Error in encoding no_homopolymer: 'str' object has no attribute 'size'
2026-08-06 11:14:52,260 - ERROR - Error in encoding no_homopolymer: 'str' object has no attribute 'size'
2026-08-06 11:14:52,263 - ERROR - Error in encoding no_homopolymer: 'str' object has no attribute 'size'
2026-08-06 11:14:52,267 - ERROR - Error in encoding no_homopolymer: 'str' object has no attribute 'size'
2026-08-06 11:14:52,270 - ERROR - Error in encoding no_homopolymer: 'str' object has no attribute 'size'
2026-08-06 11:14:52,273 - ERROR - Error in encoding no_homopolymer: 'str' object has no attribute 'size'
2026-08-06 11:14:52,276 - ERROR - Error in encoding no_homopolymer: 'str' object has no attribute 'size'
2026-08-06 11:14:52,279 - ERROR - Error in encoding no_homopolymer: 'str' object has no attribute 'size'
2026-08-06 11:14:52,282 - ERROR - Error in encoding no_homopolymer: 'str' object has no attribute 'size'
2026-08-06 11:14:52,286 - ERROR - Error in encoding no_homopolymer: 'str' object has no attribute 'size'
2026-08-06 11:14:52,289 - ERROR - Error in encoding no_homopolymer: 'str' object has no attribute 'size'
2026-08-06 11:14:52,292 - ERROR - Error in encoding no_homopolymer: 'str' object has no attribute 'size'
2026-08-06 11:14:52,296 - ERROR - Error in encoding no_homopolymer: 'str' object has no attribute 'size'
2026-08-06 11:14:52,296 - INFO - no_homopolymer     @  20.0% error: recovery=  0.0% (0/20), cost=     0bp, eff_density=0.0000
2026-08-06 11:14:52,303 - ERROR - Error in encoding wukong: 'str' object has no attribute 'size'
2026-08-06 11:14:52,306 - ERROR - Error in encoding wukong: 'str' object has no attribute 'size'
2026-08-06 11:14:52,309 - ERROR - Error in encoding wukong: 'str' object has no attribute 'size'
2026-08-06 11:14:52,312 - ERROR - Error in encoding wukong: 'str' object has no attribute 'size'
2026-08-06 11:14:52,317 - ERROR - Error in encoding wukong: 'str' object has no attribute 'size'
2026-08-06 11:14:52,320 - ERROR - Error in encoding wukong: 'str' object has no attribute 'size'
2026-08-06 11:14:52,323 - ERROR - Error in encoding wukong: 'str' object has no attribute 'size'
2026-08-06 11:14:52,326 - ERROR - Error in encoding wukong: 'str' object has no attribute 'size'
2026-08-06 11:14:52,328 - ERROR - Error in encoding wukong: 'str' object has no attribute 'size'
2026-08-06 11:14:52,333 - ERROR - Error in encoding wukong: 'str' object has no attribute 'size'
2026-08-06 11:14:52,336 - ERROR - Error in encoding wukong: 'str' object has no attribute 'size'
2026-08-06 11:14:52,339 - ERROR - Error in encoding wukong: 'str' object has no attribute 'size'
2026-08-06 11:14:52,342 - ERROR - Error in encoding wukong: 'str' object has no attribute 'size'
2026-08-06 11:14:52,345 - ERROR - Error in encoding wukong: 'str' object has no attribute 'size'
2026-08-06 11:14:52,350 - ERROR - Error in encoding wukong: 'str' object has no attribute 'size'
2026-08-06 11:14:52,353 - ERROR - Error in encoding wukong: 'str' object has no attribute 'size'
2026-08-06 11:14:52,356 - ERROR - Error in encoding wukong: 'str' object has no attribute 'size'
2026-08-06 11:14:52,359 - ERROR - Error in encoding wukong: 'str' object has no attribute 'size'
2026-08-06 11:14:52,362 - ERROR - Error in encoding wukong: 'str' object has no attribute 'size'
2026-08-06 11:14:52,367 - ERROR - Error in encoding wukong: 'str' object has no attribute 'size'
2026-08-06 11:14:52,367 - INFO - wukong             @   1.0% error: recovery=  0.0% (0/20), cost=     0bp, eff_density=0.0000
2026-08-06 11:14:52,371 - ERROR - Error in encoding wukong: 'str' object has no attribute 'size'
2026-08-06 11:14:52,374 - ERROR - Error in encoding wukong: 'str' object has no attribute 'size'
2026-08-06 11:14:52,377 - ERROR - Error in encoding wukong: 'str' object has no attribute 'size'
2026-08-06 11:14:52,381 - ERROR - Error in encoding wukong: 'str' object has no attribute 'size'
2026-08-06 11:14:52,385 - ERROR - Error in encoding wukong: 'str' object has no attribute 'size'
2026-08-06 11:14:52,388 - ERROR - Error in encoding wukong: 'str' object has no attribute 'size'
2026-08-06 11:14:52,391 - ERROR - Error in encoding wukong: 'str' object has no attribute 'size'
2026-08-06 11:14:52,394 - ERROR - Error in encoding wukong: 'str' object has no attribute 'size'
2026-08-06 11:14:52,397 - ERROR - Error in encoding wukong: 'str' object has no attribute 'size'
2026-08-06 11:14:52,401 - ERROR - Error in encoding wukong: 'str' object has no attribute 'size'
2026-08-06 11:14:52,405 - ERROR - Error in encoding wukong: 'str' object has no attribute 'size'
2026-08-06 11:14:52,407 - ERROR - Error in encoding wukong: 'str' object has no attribute 'size'
2026-08-06 11:14:52,410 - ERROR - Error in encoding wukong: 'str' object has no attribute 'size'
2026-08-06 11:14:52,414 - ERROR - Error in encoding wukong: 'str' object has no attribute 'size'
2026-08-06 11:14:52,417 - ERROR - Error in encoding wukong: 'str' object has no attribute 'size'
2026-08-06 11:14:52,421 - ERROR - Error in encoding wukong: 'str' object has no attribute 'size'
2026-08-06 11:14:52,424 - ERROR - Error in encoding wukong: 'str' object has no attribute 'size'
2026-08-06 11:14:52,427 - ERROR - Error in encoding wukong: 'str' object has no attribute 'size'
2026-08-06 11:14:52,430 - ERROR - Error in encoding wukong: 'str' object has no attribute 'size'
2026-08-06 11:14:52,434 - ERROR - Error in encoding wukong: 'str' object has no attribute 'size'
2026-08-06 11:14:52,434 - INFO - wukong             @   5.0% error: recovery=  0.0% (0/20), cost=     0bp, eff_density=0.0000
2026-08-06 11:14:52,438 - ERROR - Error in encoding wukong: 'str' object has no attribute 'size'
2026-08-06 11:14:52,441 - ERROR - Error in encoding wukong: 'str' object has no attribute 'size'
2026-08-06 11:14:52,444 - ERROR - Error in encoding wukong: 'str' object has no attribute 'size'
2026-08-06 11:14:52,447 - ERROR - Error in encoding wukong: 'str' object has no attribute 'size'
2026-08-06 11:14:52,450 - ERROR - Error in encoding wukong: 'str' object has no attribute 'size'
2026-08-06 11:14:52,453 - ERROR - Error in encoding wukong: 'str' object has no attribute 'size'
2026-08-06 11:14:52,457 - ERROR - Error in encoding wukong: 'str' object has no attribute 'size'
2026-08-06 11:14:52,460 - ERROR - Error in encoding wukong: 'str' object has no attribute 'size'
2026-08-06 11:14:52,463 - ERROR - Error in encoding wukong: 'str' object has no attribute 'size'
2026-08-06 11:14:52,467 - ERROR - Error in encoding wukong: 'str' object has no attribute 'size'
2026-08-06 11:14:52,470 - ERROR - Error in encoding wukong: 'str' object has no attribute 'size'
2026-08-06 11:14:52,473 - ERROR - Error in encoding wukong: 'str' object has no attribute 'size'
2026-08-06 11:14:52,475 - ERROR - Error in encoding wukong: 'str' object has no attribute 'size'
2026-08-06 11:14:52,478 - ERROR - Error in encoding wukong: 'str' object has no attribute 'size'
2026-08-06 11:14:52,482 - ERROR - Error in encoding wukong: 'str' object has no attribute 'size'
2026-08-06 11:14:52,486 - ERROR - Error in encoding wukong: 'str' object has no attribute 'size'
2026-08-06 11:14:52,489 - ERROR - Error in encoding wukong: 'str' object has no attribute 'size'
2026-08-06 11:14:52,491 - ERROR - Error in encoding wukong: 'str' object has no attribute 'size'
2026-08-06 11:14:52,494 - ERROR - Error in encoding wukong: 'str' object has no attribute 'size'
2026-08-06 11:14:52,498 - ERROR - Error in encoding wukong: 'str' object has no attribute 'size'
2026-08-06 11:14:52,498 - INFO - wukong             @  10.0% error: recovery=  0.0% (0/20), cost=     0bp, eff_density=0.0000
2026-08-06 11:14:52,501 - ERROR - Error in encoding wukong: 'str' object has no attribute 'size'
2026-08-06 11:14:52,504 - ERROR - Error in encoding wukong: 'str' object has no attribute 'size'
2026-08-06 11:14:52,507 - ERROR - Error in encoding wukong: 'str' object has no attribute 'size'
2026-08-06 11:14:52,510 - ERROR - Error in encoding wukong: 'str' object has no attribute 'size'
2026-08-06 11:14:52,514 - ERROR - Error in encoding wukong: 'str' object has no attribute 'size'
2026-08-06 11:14:52,518 - ERROR - Error in encoding wukong: 'str' object has no attribute 'size'
2026-08-06 11:14:52,520 - ERROR - Error in encoding wukong: 'str' object has no attribute 'size'
2026-08-06 11:14:52,523 - ERROR - Error in encoding wukong: 'str' object has no attribute 'size'
2026-08-06 11:14:52,527 - ERROR - Error in encoding wukong: 'str' object has no attribute 'size'
2026-08-06 11:14:52,530 - ERROR - Error in encoding wukong: 'str' object has no attribute 'size'
2026-08-06 11:14:52,533 - ERROR - Error in encoding wukong: 'str' object has no attribute 'size'
2026-08-06 11:14:52,537 - ERROR - Error in encoding wukong: 'str' object has no attribute 'size'
2026-08-06 11:14:52,539 - ERROR - Error in encoding wukong: 'str' object has no attribute 'size'
2026-08-06 11:14:52,542 - ERROR - Error in encoding wukong: 'str' object has no attribute 'size'
2026-08-06 11:14:52,545 - ERROR - Error in encoding wukong: 'str' object has no attribute 'size'
2026-08-06 11:14:52,549 - ERROR - Error in encoding wukong: 'str' object has no attribute 'size'
2026-08-06 11:14:52,552 - ERROR - Error in encoding wukong: 'str' object has no attribute 'size'
2026-08-06 11:14:52,555 - ERROR - Error in encoding wukong: 'str' object has no attribute 'size'
2026-08-06 11:14:52,558 - ERROR - Error in encoding wukong: 'str' object has no attribute 'size'
2026-08-06 11:14:52,562 - ERROR - Error in encoding wukong: 'str' object has no attribute 'size'
2026-08-06 11:14:52,562 - INFO - wukong             @  15.0% error: recovery=  0.0% (0/20), cost=     0bp, eff_density=0.0000
2026-08-06 11:14:52,566 - ERROR - Error in encoding wukong: 'str' object has no attribute 'size'
2026-08-06 11:14:52,569 - ERROR - Error in encoding wukong: 'str' object has no attribute 'size'
2026-08-06 11:14:52,572 - ERROR - Error in encoding wukong: 'str' object has no attribute 'size'
2026-08-06 11:14:52,576 - ERROR - Error in encoding wukong: 'str' object has no attribute 'size'
2026-08-06 11:14:52,579 - ERROR - Error in encoding wukong: 'str' object has no attribute 'size'
2026-08-06 11:14:52,583 - ERROR - Error in encoding wukong: 'str' object has no attribute 'size'
2026-08-06 11:14:52,586 - ERROR - Error in encoding wukong: 'str' object has no attribute 'size'
2026-08-06 11:14:52,589 - ERROR - Error in encoding wukong: 'str' object has no attribute 'size'
2026-08-06 11:14:52,592 - ERROR - Error in encoding wukong: 'str' object has no attribute 'size'
2026-08-06 11:14:52,595 - ERROR - Error in encoding wukong: 'str' object has no attribute 'size'
2026-08-06 11:14:52,599 - ERROR - Error in encoding wukong: 'str' object has no attribute 'size'
2026-08-06 11:14:52,602 - ERROR - Error in encoding wukong: 'str' object has no attribute 'size'
2026-08-06 11:14:52,605 - ERROR - Error in encoding wukong: 'str' object has no attribute 'size'
2026-08-06 11:14:52,609 - ERROR - Error in encoding wukong: 'str' object has no attribute 'size'
2026-08-06 11:14:52,611 - ERROR - Error in encoding wukong: 'str' object has no attribute 'size'
2026-08-06 11:14:52,615 - ERROR - Error in encoding wukong: 'str' object has no attribute 'size'
2026-08-06 11:14:52,618 - ERROR - Error in encoding wukong: 'str' object has no attribute 'size'
2026-08-06 11:14:52,621 - ERROR - Error in encoding wukong: 'str' object has no attribute 'size'
2026-08-06 11:14:52,625 - ERROR - Error in encoding wukong: 'str' object has no attribute 'size'
2026-08-06 11:14:52,632 - ERROR - Error in encoding wukong: 'str' object has no attribute 'size'
2026-08-06 11:14:52,632 - INFO - wukong             @  20.0% error: recovery=  0.0% (0/20), cost=     0bp, eff_density=0.0000
2026-08-06 11:14:52,649 - ERROR - Error in encoding yinyang: 'str' object has no attribute 'size'
2026-08-06 11:14:52,654 - ERROR - Error in encoding yinyang: 'str' object has no attribute 'size'
2026-08-06 11:14:52,658 - ERROR - Error in encoding yinyang: 'str' object has no attribute 'size'
2026-08-06 11:14:52,661 - ERROR - Error in encoding yinyang: 'str' object has no attribute 'size'
2026-08-06 11:14:52,666 - ERROR - Error in encoding yinyang: 'str' object has no attribute 'size'
2026-08-06 11:14:52,670 - ERROR - Error in encoding yinyang: 'str' object has no attribute 'size'
2026-08-06 11:14:52,673 - ERROR - Error in encoding yinyang: 'str' object has no attribute 'size'
2026-08-06 11:14:52,676 - ERROR - Error in encoding yinyang: 'str' object has no attribute 'size'
2026-08-06 11:14:52,680 - ERROR - Error in encoding yinyang: 'str' object has no attribute 'size'
2026-08-06 11:14:52,684 - ERROR - Error in encoding yinyang: 'str' object has no attribute 'size'
2026-08-06 11:14:52,687 - ERROR - Error in encoding yinyang: 'str' object has no attribute 'size'
2026-08-06 11:14:52,690 - ERROR - Error in encoding yinyang: 'str' object has no attribute 'size'
2026-08-06 11:14:52,693 - ERROR - Error in encoding yinyang: 'str' object has no attribute 'size'
2026-08-06 11:14:52,697 - ERROR - Error in encoding yinyang: 'str' object has no attribute 'size'
2026-08-06 11:14:52,700 - ERROR - Error in encoding yinyang: 'str' object has no attribute 'size'
2026-08-06 11:14:52,703 - ERROR - Error in encoding yinyang: 'str' object has no attribute 'size'
2026-08-06 11:14:52,706 - ERROR - Error in encoding yinyang: 'str' object has no attribute 'size'
2026-08-06 11:14:52,709 - ERROR - Error in encoding yinyang: 'str' object has no attribute 'size'
2026-08-06 11:14:52,712 - ERROR - Error in encoding yinyang: 'str' object has no attribute 'size'
2026-08-06 11:14:52,716 - ERROR - Error in encoding yinyang: 'str' object has no attribute 'size'
2026-08-06 11:14:52,716 - INFO - yinyang            @   1.0% error: recovery=  0.0% (0/20), cost=     0bp, eff_density=0.0000
2026-08-06 11:14:52,719 - ERROR - Error in encoding yinyang: 'str' object has no attribute 'size'
2026-08-06 11:14:52,723 - ERROR - Error in encoding yinyang: 'str' object has no attribute 'size'
2026-08-06 11:14:52,726 - ERROR - Error in encoding yinyang: 'str' object has no attribute 'size'
2026-08-06 11:14:52,729 - ERROR - Error in encoding yinyang: 'str' object has no attribute 'size'
2026-08-06 11:14:52,733 - ERROR - Error in encoding yinyang: 'str' object has no attribute 'size'
2026-08-06 11:14:52,736 - ERROR - Error in encoding yinyang: 'str' object has no attribute 'size'
2026-08-06 11:14:52,740 - ERROR - Error in encoding yinyang: 'str' object has no attribute 'size'
2026-08-06 11:14:52,743 - ERROR - Error in encoding yinyang: 'str' object has no attribute 'size'
2026-08-06 11:14:52,747 - ERROR - Error in encoding yinyang: 'str' object has no attribute 'size'
2026-08-06 11:14:52,751 - ERROR - Error in encoding yinyang: 'str' object has no attribute 'size'
2026-08-06 11:14:52,754 - ERROR - Error in encoding yinyang: 'str' object has no attribute 'size'
2026-08-06 11:14:52,757 - ERROR - Error in encoding yinyang: 'str' object has no attribute 'size'
2026-08-06 11:14:52,761 - ERROR - Error in encoding yinyang: 'str' object has no attribute 'size'
2026-08-06 11:14:52,764 - ERROR - Error in encoding yinyang: 'str' object has no attribute 'size'
2026-08-06 11:14:52,767 - ERROR - Error in encoding yinyang: 'str' object has no attribute 'size'
2026-08-06 11:14:52,771 - ERROR - Error in encoding yinyang: 'str' object has no attribute 'size'
2026-08-06 11:14:52,774 - ERROR - Error in encoding yinyang: 'str' object has no attribute 'size'
2026-08-06 11:14:52,778 - ERROR - Error in encoding yinyang: 'str' object has no attribute 'size'
2026-08-06 11:14:52,781 - ERROR - Error in encoding yinyang: 'str' object has no attribute 'size'
2026-08-06 11:14:52,784 - ERROR - Error in encoding yinyang: 'str' object has no attribute 'size'
2026-08-06 11:14:52,785 - INFO - yinyang            @   5.0% error: recovery=  0.0% (0/20), cost=     0bp, eff_density=0.0000
2026-08-06 11:14:52,788 - ERROR - Error in encoding yinyang: 'str' object has no attribute 'size'
2026-08-06 11:14:52,791 - ERROR - Error in encoding yinyang: 'str' object has no attribute 'size'
2026-08-06 11:14:52,795 - ERROR - Error in encoding yinyang: 'str' object has no attribute 'size'
2026-08-06 11:14:52,798 - ERROR - Error in encoding yinyang: 'str' object has no attribute 'size'
2026-08-06 11:14:52,801 - ERROR - Error in encoding yinyang: 'str' object has no attribute 'size'
2026-08-06 11:14:52,804 - ERROR - Error in encoding yinyang: 'str' object has no attribute 'size'
2026-08-06 11:14:52,808 - ERROR - Error in encoding yinyang: 'str' object has no attribute 'size'
2026-08-06 11:14:52,811 - ERROR - Error in encoding yinyang: 'str' object has no attribute 'size'
2026-08-06 11:14:52,814 - ERROR - Error in encoding yinyang: 'str' object has no attribute 'size'
2026-08-06 11:14:52,817 - ERROR - Error in encoding yinyang: 'str' object has no attribute 'size'
2026-08-06 11:14:52,821 - ERROR - Error in encoding yinyang: 'str' object has no attribute 'size'
2026-08-06 11:14:52,824 - ERROR - Error in encoding yinyang: 'str' object has no attribute 'size'
2026-08-06 11:14:52,827 - ERROR - Error in encoding yinyang: 'str' object has no attribute 'size'
2026-08-06 11:14:52,831 - ERROR - Error in encoding yinyang: 'str' object has no attribute 'size'
2026-08-06 11:14:52,834 - ERROR - Error in encoding yinyang: 'str' object has no attribute 'size'
2026-08-06 11:14:52,838 - ERROR - Error in encoding yinyang: 'str' object has no attribute 'size'
2026-08-06 11:14:52,842 - ERROR - Error in encoding yinyang: 'str' object has no attribute 'size'
2026-08-06 11:14:52,846 - ERROR - Error in encoding yinyang: 'str' object has no attribute 'size'
2026-08-06 11:14:52,849 - ERROR - Error in encoding yinyang: 'str' object has no attribute 'size'
2026-08-06 11:14:52,852 - ERROR - Error in encoding yinyang: 'str' object has no attribute 'size'
2026-08-06 11:14:52,852 - INFO - yinyang            @  10.0% error: recovery=  0.0% (0/20), cost=     0bp, eff_density=0.0000
2026-08-06 11:14:52,855 - ERROR - Error in encoding yinyang: 'str' object has no attribute 'size'
2026-08-06 11:14:52,859 - ERROR - Error in encoding yinyang: 'str' object has no attribute 'size'
2026-08-06 11:14:52,863 - ERROR - Error in encoding yinyang: 'str' object has no attribute 'size'
2026-08-06 11:14:52,866 - ERROR - Error in encoding yinyang: 'str' object has no attribute 'size'
2026-08-06 11:14:52,870 - ERROR - Error in encoding yinyang: 'str' object has no attribute 'size'
2026-08-06 11:14:52,872 - ERROR - Error in encoding yinyang: 'str' object has no attribute 'size'
2026-08-06 11:14:52,876 - ERROR - Error in encoding yinyang: 'str' object has no attribute 'size'
2026-08-06 11:14:52,879 - ERROR - Error in encoding yinyang: 'str' object has no attribute 'size'
2026-08-06 11:14:52,883 - ERROR - Error in encoding yinyang: 'str' object has no attribute 'size'
2026-08-06 11:14:52,886 - ERROR - Error in encoding yinyang: 'str' object has no attribute 'size'
2026-08-06 11:14:52,889 - ERROR - Error in encoding yinyang: 'str' object has no attribute 'size'
2026-08-06 11:14:52,893 - ERROR - Error in encoding yinyang: 'str' object has no attribute 'size'
2026-08-06 11:14:52,896 - ERROR - Error in encoding yinyang: 'str' object has no attribute 'size'
2026-08-06 11:14:52,900 - ERROR - Error in encoding yinyang: 'str' object has no attribute 'size'
2026-08-06 11:14:52,903 - ERROR - Error in encoding yinyang: 'str' object has no attribute 'size'
2026-08-06 11:14:52,905 - ERROR - Error in encoding yinyang: 'str' object has no attribute 'size'
2026-08-06 11:14:52,909 - ERROR - Error in encoding yinyang: 'str' object has no attribute 'size'
2026-08-06 11:14:52,912 - ERROR - Error in encoding yinyang: 'str' object has no attribute 'size'
2026-08-06 11:14:52,916 - ERROR - Error in encoding yinyang: 'str' object has no attribute 'size'
2026-08-06 11:14:52,919 - ERROR - Error in encoding yinyang: 'str' object has no attribute 'size'
2026-08-06 11:14:52,919 - INFO - yinyang            @  15.0% error: recovery=  0.0% (0/20), cost=     0bp, eff_density=0.0000
2026-08-06 11:14:52,922 - ERROR - Error in encoding yinyang: 'str' object has no attribute 'size'
2026-08-06 11:14:52,926 - ERROR - Error in encoding yinyang: 'str' object has no attribute 'size'
2026-08-06 11:14:52,929 - ERROR - Error in encoding yinyang: 'str' object has no attribute 'size'
2026-08-06 11:14:52,932 - ERROR - Error in encoding yinyang: 'str' object has no attribute 'size'
2026-08-06 11:14:52,935 - ERROR - Error in encoding yinyang: 'str' object has no attribute 'size'
2026-08-06 11:14:52,939 - ERROR - Error in encoding yinyang: 'str' object has no attribute 'size'
2026-08-06 11:14:52,942 - ERROR - Error in encoding yinyang: 'str' object has no attribute 'size'
2026-08-06 11:14:52,946 - ERROR - Error in encoding yinyang: 'str' object has no attribute 'size'
2026-08-06 11:14:52,950 - ERROR - Error in encoding yinyang: 'str' object has no attribute 'size'
2026-08-06 11:14:52,953 - ERROR - Error in encoding yinyang: 'str' object has no attribute 'size'
2026-08-06 11:14:52,956 - ERROR - Error in encoding yinyang: 'str' object has no attribute 'size'
2026-08-06 11:14:52,959 - ERROR - Error in encoding yinyang: 'str' object has no attribute 'size'
2026-08-06 11:14:52,962 - ERROR - Error in encoding yinyang: 'str' object has no attribute 'size'
2026-08-06 11:14:52,966 - ERROR - Error in encoding yinyang: 'str' object has no attribute 'size'
2026-08-06 11:14:52,969 - ERROR - Error in encoding yinyang: 'str' object has no attribute 'size'
2026-08-06 11:14:52,972 - ERROR - Error in encoding yinyang: 'str' object has no attribute 'size'
2026-08-06 11:14:52,975 - ERROR - Error in encoding yinyang: 'str' object has no attribute 'size'
2026-08-06 11:14:52,978 - ERROR - Error in encoding yinyang: 'str' object has no attribute 'size'
2026-08-06 11:14:52,981 - ERROR - Error in encoding yinyang: 'str' object has no attribute 'size'
2026-08-06 11:14:52,984 - ERROR - Error in encoding yinyang: 'str' object has no attribute 'size'
2026-08-06 11:14:52,985 - INFO - yinyang            @  20.0% error: recovery=  0.0% (0/20), cost=     0bp, eff_density=0.0000
2026-08-06 11:14:53,612 - INFO - Saved plot: ./simulations/error_resilience_final\resilience_curves.png
2026-08-06 11:14:54,157 - INFO - Saved plot: ./simulations/error_resilience_final\recovery_vs_cost.png
2026-08-06 11:15:17,324 - ERROR - Error in encoding goldman: 'str' object has no attribute 'size'
2026-08-06 11:15:17,327 - ERROR - Error in encoding goldman: 'str' object has no attribute 'size'
2026-08-06 11:15:17,330 - ERROR - Error in encoding goldman: 'str' object has no attribute 'size'
2026-08-06 11:15:17,333 - ERROR - Error in encoding goldman: 'str' object has no attribute 'size'
2026-08-06 11:15:17,337 - ERROR - Error in encoding goldman: 'str' object has no attribute 'size'
2026-08-06 11:15:17,340 - ERROR - Error in encoding goldman: 'str' object has no attribute 'size'
2026-08-06 11:15:17,343 - ERROR - Error in encoding goldman: 'str' object has no attribute 'size'
2026-08-06 11:15:17,346 - ERROR - Error in encoding goldman: 'str' object has no attribute 'size'
2026-08-06 11:15:17,349 - ERROR - Error in encoding goldman: 'str' object has no attribute 'size'
2026-08-06 11:15:17,353 - ERROR - Error in encoding goldman: 'str' object has no attribute 'size'
2026-08-06 11:15:17,357 - ERROR - Error in encoding goldman: 'str' object has no attribute 'size'
2026-08-06 11:15:17,360 - ERROR - Error in encoding goldman: 'str' object has no attribute 'size'
2026-08-06 11:15:17,363 - ERROR - Error in encoding goldman: 'str' object has no attribute 'size'
2026-08-06 11:15:17,366 - ERROR - Error in encoding goldman: 'str' object has no attribute 'size'
2026-08-06 11:15:17,369 - ERROR - Error in encoding goldman: 'str' object has no attribute 'size'
2026-08-06 11:15:17,372 - ERROR - Error in encoding goldman: 'str' object has no attribute 'size'
2026-08-06 11:15:17,376 - ERROR - Error in encoding goldman: 'str' object has no attribute 'size'
2026-08-06 11:15:17,379 - ERROR - Error in encoding goldman: 'str' object has no attribute 'size'
2026-08-06 11:15:17,382 - ERROR - Error in encoding goldman: 'str' object has no attribute 'size'
2026-08-06 11:15:17,385 - ERROR - Error in encoding goldman: 'str' object has no attribute 'size'
2026-08-06 11:15:17,385 - INFO - goldman            @   1.0% error: recovery=  0.0% (0/20), cost=     0bp, eff_density=0.0000
2026-08-06 11:15:17,389 - ERROR - Error in encoding goldman: 'str' object has no attribute 'size'
2026-08-06 11:15:17,393 - ERROR - Error in encoding goldman: 'str' object has no attribute 'size'
2026-08-06 11:15:17,396 - ERROR - Error in encoding goldman: 'str' object has no attribute 'size'
2026-08-06 11:15:17,399 - ERROR - Error in encoding goldman: 'str' object has no attribute 'size'
2026-08-06 11:15:17,402 - ERROR - Error in encoding goldman: 'str' object has no attribute 'size'
2026-08-06 11:15:17,405 - ERROR - Error in encoding goldman: 'str' object has no attribute 'size'
2026-08-06 11:15:17,408 - ERROR - Error in encoding goldman: 'str' object has no attribute 'size'
2026-08-06 11:15:17,412 - ERROR - Error in encoding goldman: 'str' object has no attribute 'size'
2026-08-06 11:15:17,415 - ERROR - Error in encoding goldman: 'str' object has no attribute 'size'
2026-08-06 11:15:17,419 - ERROR - Error in encoding goldman: 'str' object has no attribute 'size'
2026-08-06 11:15:17,423 - ERROR - Error in encoding goldman: 'str' object has no attribute 'size'
2026-08-06 11:15:17,426 - ERROR - Error in encoding goldman: 'str' object has no attribute 'size'
2026-08-06 11:15:17,433 - ERROR - Error in encoding goldman: 'str' object has no attribute 'size'
2026-08-06 11:15:17,440 - ERROR - Error in encoding goldman: 'str' object has no attribute 'size'
2026-08-06 11:15:17,444 - ERROR - Error in encoding goldman: 'str' object has no attribute 'size'
2026-08-06 11:15:17,449 - ERROR - Error in encoding goldman: 'str' object has no attribute 'size'
2026-08-06 11:15:17,455 - ERROR - Error in encoding goldman: 'str' object has no attribute 'size'
2026-08-06 11:15:17,460 - ERROR - Error in encoding goldman: 'str' object has no attribute 'size'
2026-08-06 11:15:17,465 - ERROR - Error in encoding goldman: 'str' object has no attribute 'size'
2026-08-06 11:15:17,470 - ERROR - Error in encoding goldman: 'str' object has no attribute 'size'
2026-08-06 11:15:17,470 - INFO - goldman            @   5.0% error: recovery=  0.0% (0/20), cost=     0bp, eff_density=0.0000
2026-08-06 11:15:17,473 - ERROR - Error in encoding goldman: 'str' object has no attribute 'size'
2026-08-06 11:15:17,477 - ERROR - Error in encoding goldman: 'str' object has no attribute 'size'
2026-08-06 11:15:17,480 - ERROR - Error in encoding goldman: 'str' object has no attribute 'size'
2026-08-06 11:15:17,483 - ERROR - Error in encoding goldman: 'str' object has no attribute 'size'
2026-08-06 11:15:17,487 - ERROR - Error in encoding goldman: 'str' object has no attribute 'size'
2026-08-06 11:15:17,490 - ERROR - Error in encoding goldman: 'str' object has no attribute 'size'
2026-08-06 11:15:17,493 - ERROR - Error in encoding goldman: 'str' object has no attribute 'size'
2026-08-06 11:15:17,497 - ERROR - Error in encoding goldman: 'str' object has no attribute 'size'
2026-08-06 11:15:17,500 - ERROR - Error in encoding goldman: 'str' object has no attribute 'size'
2026-08-06 11:15:17,503 - ERROR - Error in encoding goldman: 'str' object has no attribute 'size'
2026-08-06 11:15:17,506 - ERROR - Error in encoding goldman: 'str' object has no attribute 'size'
2026-08-06 11:15:17,509 - ERROR - Error in encoding goldman: 'str' object has no attribute 'size'
2026-08-06 11:15:17,512 - ERROR - Error in encoding goldman: 'str' object has no attribute 'size'
2026-08-06 11:15:17,515 - ERROR - Error in encoding goldman: 'str' object has no attribute 'size'
2026-08-06 11:15:17,519 - ERROR - Error in encoding goldman: 'str' object has no attribute 'size'
2026-08-06 11:15:17,522 - ERROR - Error in encoding goldman: 'str' object has no attribute 'size'
2026-08-06 11:15:17,525 - ERROR - Error in encoding goldman: 'str' object has no attribute 'size'
2026-08-06 11:15:17,528 - ERROR - Error in encoding goldman: 'str' object has no attribute 'size'
2026-08-06 11:15:17,532 - ERROR - Error in encoding goldman: 'str' object has no attribute 'size'
2026-08-06 11:15:17,535 - ERROR - Error in encoding goldman: 'str' object has no attribute 'size'
2026-08-06 11:15:17,536 - INFO - goldman            @  10.0% error: recovery=  0.0% (0/20), cost=     0bp, eff_density=0.0000
2026-08-06 11:15:17,539 - ERROR - Error in encoding goldman: 'str' object has no attribute 'size'
2026-08-06 11:15:17,542 - ERROR - Error in encoding goldman: 'str' object has no attribute 'size'
2026-08-06 11:15:17,546 - ERROR - Error in encoding goldman: 'str' object has no attribute 'size'
2026-08-06 11:15:17,549 - ERROR - Error in encoding goldman: 'str' object has no attribute 'size'
2026-08-06 11:15:17,552 - ERROR - Error in encoding goldman: 'str' object has no attribute 'size'
2026-08-06 11:15:17,555 - ERROR - Error in encoding goldman: 'str' object has no attribute 'size'
2026-08-06 11:15:17,558 - ERROR - Error in encoding goldman: 'str' object has no attribute 'size'
2026-08-06 11:15:17,561 - ERROR - Error in encoding goldman: 'str' object has no attribute 'size'
2026-08-06 11:15:17,564 - ERROR - Error in encoding goldman: 'str' object has no attribute 'size'
2026-08-06 11:15:17,567 - ERROR - Error in encoding goldman: 'str' object has no attribute 'size'
2026-08-06 11:15:17,570 - ERROR - Error in encoding goldman: 'str' object has no attribute 'size'
2026-08-06 11:15:17,573 - ERROR - Error in encoding goldman: 'str' object has no attribute 'size'
2026-08-06 11:15:17,577 - ERROR - Error in encoding goldman: 'str' object has no attribute 'size'
2026-08-06 11:15:17,579 - ERROR - Error in encoding goldman: 'str' object has no attribute 'size'
2026-08-06 11:15:17,582 - ERROR - Error in encoding goldman: 'str' object has no attribute 'size'
2026-08-06 11:15:17,586 - ERROR - Error in encoding goldman: 'str' object has no attribute 'size'
2026-08-06 11:15:17,589 - ERROR - Error in encoding goldman: 'str' object has no attribute 'size'
2026-08-06 11:15:17,592 - ERROR - Error in encoding goldman: 'str' object has no attribute 'size'
2026-08-06 11:15:17,596 - ERROR - Error in encoding goldman: 'str' object has no attribute 'size'
2026-08-06 11:15:17,599 - ERROR - Error in encoding goldman: 'str' object has no attribute 'size'
2026-08-06 11:15:17,599 - INFO - goldman            @  15.0% error: recovery=  0.0% (0/20), cost=     0bp, eff_density=0.0000
2026-08-06 11:15:17,602 - ERROR - Error in encoding goldman: 'str' object has no attribute 'size'
2026-08-06 11:15:17,605 - ERROR - Error in encoding goldman: 'str' object has no attribute 'size'
2026-08-06 11:15:17,609 - ERROR - Error in encoding goldman: 'str' object has no attribute 'size'
2026-08-06 11:15:17,612 - ERROR - Error in encoding goldman: 'str' object has no attribute 'size'
2026-08-06 11:15:17,615 - ERROR - Error in encoding goldman: 'str' object has no attribute 'size'
2026-08-06 11:15:17,618 - ERROR - Error in encoding goldman: 'str' object has no attribute 'size'
2026-08-06 11:15:17,621 - ERROR - Error in encoding goldman: 'str' object has no attribute 'size'
2026-08-06 11:15:17,624 - ERROR - Error in encoding goldman: 'str' object has no attribute 'size'
2026-08-06 11:15:17,627 - ERROR - Error in encoding goldman: 'str' object has no attribute 'size'
2026-08-06 11:15:17,630 - ERROR - Error in encoding goldman: 'str' object has no attribute 'size'
2026-08-06 11:15:17,634 - ERROR - Error in encoding goldman: 'str' object has no attribute 'size'
2026-08-06 11:15:17,637 - ERROR - Error in encoding goldman: 'str' object has no attribute 'size'
2026-08-06 11:15:17,640 - ERROR - Error in encoding goldman: 'str' object has no attribute 'size'
2026-08-06 11:15:17,644 - ERROR - Error in encoding goldman: 'str' object has no attribute 'size'
2026-08-06 11:15:17,647 - ERROR - Error in encoding goldman: 'str' object has no attribute 'size'
2026-08-06 11:15:17,650 - ERROR - Error in encoding goldman: 'str' object has no attribute 'size'
2026-08-06 11:15:17,653 - ERROR - Error in encoding goldman: 'str' object has no attribute 'size'
2026-08-06 11:15:17,657 - ERROR - Error in encoding goldman: 'str' object has no attribute 'size'
2026-08-06 11:15:17,660 - ERROR - Error in encoding goldman: 'str' object has no attribute 'size'
2026-08-06 11:15:17,664 - ERROR - Error in encoding goldman: 'str' object has no attribute 'size'
2026-08-06 11:15:17,664 - INFO - goldman            @  20.0% error: recovery=  0.0% (0/20), cost=     0bp, eff_density=0.0000
2026-08-06 11:15:17,672 - ERROR - Error in encoding church: 'str' object has no attribute 'size'
2026-08-06 11:15:17,675 - ERROR - Error in encoding church: 'str' object has no attribute 'size'
2026-08-06 11:15:17,679 - ERROR - Error in encoding church: 'str' object has no attribute 'size'
2026-08-06 11:15:17,682 - ERROR - Error in encoding church: 'str' object has no attribute 'size'
2026-08-06 11:15:17,685 - ERROR - Error in encoding church: 'str' object has no attribute 'size'
2026-08-06 11:15:17,689 - ERROR - Error in encoding church: 'str' object has no attribute 'size'
2026-08-06 11:15:17,692 - ERROR - Error in encoding church: 'str' object has no attribute 'size'
2026-08-06 11:15:17,695 - ERROR - Error in encoding church: 'str' object has no attribute 'size'
2026-08-06 11:15:17,704 - ERROR - Error in encoding church: 'str' object has no attribute 'size'
2026-08-06 11:15:17,707 - ERROR - Error in encoding church: 'str' object has no attribute 'size'
2026-08-06 11:15:17,710 - ERROR - Error in encoding church: 'str' object has no attribute 'size'
2026-08-06 11:15:17,716 - ERROR - Error in encoding church: 'str' object has no attribute 'size'
2026-08-06 11:15:17,720 - ERROR - Error in encoding church: 'str' object has no attribute 'size'
2026-08-06 11:15:17,723 - ERROR - Error in encoding church: 'str' object has no attribute 'size'
2026-08-06 11:15:17,727 - ERROR - Error in encoding church: 'str' object has no attribute 'size'
2026-08-06 11:15:17,731 - ERROR - Error in encoding church: 'str' object has no attribute 'size'
2026-08-06 11:15:17,735 - ERROR - Error in encoding church: 'str' object has no attribute 'size'
2026-08-06 11:15:17,740 - ERROR - Error in encoding church: 'str' object has no attribute 'size'
2026-08-06 11:15:17,744 - ERROR - Error in encoding church: 'str' object has no attribute 'size'
2026-08-06 11:15:17,748 - ERROR - Error in encoding church: 'str' object has no attribute 'size'
2026-08-06 11:15:17,748 - INFO - church             @   1.0% error: recovery=  0.0% (0/20), cost=     0bp, eff_density=0.0000
2026-08-06 11:15:17,752 - ERROR - Error in encoding church: 'str' object has no attribute 'size'
2026-08-06 11:15:17,757 - ERROR - Error in encoding church: 'str' object has no attribute 'size'
2026-08-06 11:15:17,762 - ERROR - Error in encoding church: 'str' object has no attribute 'size'
2026-08-06 11:15:17,765 - ERROR - Error in encoding church: 'str' object has no attribute 'size'
2026-08-06 11:15:17,768 - ERROR - Error in encoding church: 'str' object has no attribute 'size'
2026-08-06 11:15:17,771 - ERROR - Error in encoding church: 'str' object has no attribute 'size'
2026-08-06 11:15:17,776 - ERROR - Error in encoding church: 'str' object has no attribute 'size'
2026-08-06 11:15:17,779 - ERROR - Error in encoding church: 'str' object has no attribute 'size'
2026-08-06 11:15:17,783 - ERROR - Error in encoding church: 'str' object has no attribute 'size'
2026-08-06 11:15:17,787 - ERROR - Error in encoding church: 'str' object has no attribute 'size'
2026-08-06 11:15:17,790 - ERROR - Error in encoding church: 'str' object has no attribute 'size'
2026-08-06 11:15:17,794 - ERROR - Error in encoding church: 'str' object has no attribute 'size'
2026-08-06 11:15:17,797 - ERROR - Error in encoding church: 'str' object has no attribute 'size'
2026-08-06 11:15:17,800 - ERROR - Error in encoding church: 'str' object has no attribute 'size'
2026-08-06 11:15:17,803 - ERROR - Error in encoding church: 'str' object has no attribute 'size'
2026-08-06 11:15:17,806 - ERROR - Error in encoding church: 'str' object has no attribute 'size'
2026-08-06 11:15:17,809 - ERROR - Error in encoding church: 'str' object has no attribute 'size'
2026-08-06 11:15:17,813 - ERROR - Error in encoding church: 'str' object has no attribute 'size'
2026-08-06 11:15:17,816 - ERROR - Error in encoding church: 'str' object has no attribute 'size'
2026-08-06 11:15:17,819 - ERROR - Error in encoding church: 'str' object has no attribute 'size'
2026-08-06 11:15:17,819 - INFO - church             @   5.0% error: recovery=  0.0% (0/20), cost=     0bp, eff_density=0.0000
2026-08-06 11:15:17,823 - ERROR - Error in encoding church: 'str' object has no attribute 'size'
2026-08-06 11:15:17,826 - ERROR - Error in encoding church: 'str' object has no attribute 'size'
2026-08-06 11:15:17,830 - ERROR - Error in encoding church: 'str' object has no attribute 'size'
2026-08-06 11:15:17,833 - ERROR - Error in encoding church: 'str' object has no attribute 'size'
2026-08-06 11:15:17,836 - ERROR - Error in encoding church: 'str' object has no attribute 'size'
2026-08-06 11:15:17,840 - ERROR - Error in encoding church: 'str' object has no attribute 'size'
2026-08-06 11:15:17,843 - ERROR - Error in encoding church: 'str' object has no attribute 'size'
2026-08-06 11:15:17,847 - ERROR - Error in encoding church: 'str' object has no attribute 'size'
2026-08-06 11:15:17,849 - ERROR - Error in encoding church: 'str' object has no attribute 'size'
2026-08-06 11:15:17,853 - ERROR - Error in encoding church: 'str' object has no attribute 'size'
2026-08-06 11:15:17,857 - ERROR - Error in encoding church: 'str' object has no attribute 'size'
2026-08-06 11:15:17,860 - ERROR - Error in encoding church: 'str' object has no attribute 'size'
2026-08-06 11:15:17,863 - ERROR - Error in encoding church: 'str' object has no attribute 'size'
2026-08-06 11:15:17,867 - ERROR - Error in encoding church: 'str' object has no attribute 'size'
2026-08-06 11:15:17,870 - ERROR - Error in encoding church: 'str' object has no attribute 'size'
2026-08-06 11:15:17,873 - ERROR - Error in encoding church: 'str' object has no attribute 'size'
2026-08-06 11:15:17,876 - ERROR - Error in encoding church: 'str' object has no attribute 'size'
2026-08-06 11:15:17,880 - ERROR - Error in encoding church: 'str' object has no attribute 'size'
2026-08-06 11:15:17,883 - ERROR - Error in encoding church: 'str' object has no attribute 'size'
2026-08-06 11:15:17,887 - ERROR - Error in encoding church: 'str' object has no attribute 'size'
2026-08-06 11:15:17,887 - INFO - church             @  10.0% error: recovery=  0.0% (0/20), cost=     0bp, eff_density=0.0000
2026-08-06 11:15:17,891 - ERROR - Error in encoding church: 'str' object has no attribute 'size'
2026-08-06 11:15:17,894 - ERROR - Error in encoding church: 'str' object has no attribute 'size'
2026-08-06 11:15:17,897 - ERROR - Error in encoding church: 'str' object has no attribute 'size'
2026-08-06 11:15:17,901 - ERROR - Error in encoding church: 'str' object has no attribute 'size'
2026-08-06 11:15:17,904 - ERROR - Error in encoding church: 'str' object has no attribute 'size'
2026-08-06 11:15:17,907 - ERROR - Error in encoding church: 'str' object has no attribute 'size'
2026-08-06 11:15:17,910 - ERROR - Error in encoding church: 'str' object has no attribute 'size'
2026-08-06 11:15:17,913 - ERROR - Error in encoding church: 'str' object has no attribute 'size'
2026-08-06 11:15:17,917 - ERROR - Error in encoding church: 'str' object has no attribute 'size'
2026-08-06 11:15:17,921 - ERROR - Error in encoding church: 'str' object has no attribute 'size'
2026-08-06 11:15:17,924 - ERROR - Error in encoding church: 'str' object has no attribute 'size'
2026-08-06 11:15:17,927 - ERROR - Error in encoding church: 'str' object has no attribute 'size'
2026-08-06 11:15:17,930 - ERROR - Error in encoding church: 'str' object has no attribute 'size'
2026-08-06 11:15:17,933 - ERROR - Error in encoding church: 'str' object has no attribute 'size'
2026-08-06 11:15:17,936 - ERROR - Error in encoding church: 'str' object has no attribute 'size'
2026-08-06 11:15:17,940 - ERROR - Error in encoding church: 'str' object has no attribute 'size'
2026-08-06 11:15:17,943 - ERROR - Error in encoding church: 'str' object has no attribute 'size'
2026-08-06 11:15:17,946 - ERROR - Error in encoding church: 'str' object has no attribute 'size'
2026-08-06 11:15:17,949 - ERROR - Error in encoding church: 'str' object has no attribute 'size'
2026-08-06 11:15:17,953 - ERROR - Error in encoding church: 'str' object has no attribute 'size'
2026-08-06 11:15:17,953 - INFO - church             @  15.0% error: recovery=  0.0% (0/20), cost=     0bp, eff_density=0.0000
2026-08-06 11:15:17,957 - ERROR - Error in encoding church: 'str' object has no attribute 'size'
2026-08-06 11:15:17,960 - ERROR - Error in encoding church: 'str' object has no attribute 'size'
2026-08-06 11:15:17,963 - ERROR - Error in encoding church: 'str' object has no attribute 'size'
2026-08-06 11:15:17,966 - ERROR - Error in encoding church: 'str' object has no attribute 'size'
2026-08-06 11:15:17,970 - ERROR - Error in encoding church: 'str' object has no attribute 'size'
2026-08-06 11:15:17,973 - ERROR - Error in encoding church: 'str' object has no attribute 'size'
2026-08-06 11:15:17,977 - ERROR - Error in encoding church: 'str' object has no attribute 'size'
2026-08-06 11:15:17,980 - ERROR - Error in encoding church: 'str' object has no attribute 'size'
2026-08-06 11:15:17,984 - ERROR - Error in encoding church: 'str' object has no attribute 'size'
2026-08-06 11:15:17,987 - ERROR - Error in encoding church: 'str' object has no attribute 'size'
2026-08-06 11:15:17,991 - ERROR - Error in encoding church: 'str' object has no attribute 'size'
2026-08-06 11:15:17,995 - ERROR - Error in encoding church: 'str' object has no attribute 'size'
2026-08-06 11:15:17,998 - ERROR - Error in encoding church: 'str' object has no attribute 'size'
2026-08-06 11:15:18,001 - ERROR - Error in encoding church: 'str' object has no attribute 'size'
2026-08-06 11:15:18,005 - ERROR - Error in encoding church: 'str' object has no attribute 'size'
2026-08-06 11:15:18,008 - ERROR - Error in encoding church: 'str' object has no attribute 'size'
2026-08-06 11:15:18,011 - ERROR - Error in encoding church: 'str' object has no attribute 'size'
2026-08-06 11:15:18,014 - ERROR - Error in encoding church: 'str' object has no attribute 'size'
2026-08-06 11:15:18,017 - ERROR - Error in encoding church: 'str' object has no attribute 'size'
2026-08-06 11:15:18,021 - ERROR - Error in encoding church: 'str' object has no attribute 'size'
2026-08-06 11:15:18,021 - INFO - church             @  20.0% error: recovery=  0.0% (0/20), cost=     0bp, eff_density=0.0000
2026-08-06 11:15:18,030 - ERROR - Error in encoding gcplus: 'str' object has no attribute 'size'
2026-08-06 11:15:18,033 - ERROR - Error in encoding gcplus: 'str' object has no attribute 'size'
2026-08-06 11:15:18,037 - ERROR - Error in encoding gcplus: 'str' object has no attribute 'size'
2026-08-06 11:15:18,040 - ERROR - Error in encoding gcplus: 'str' object has no attribute 'size'
2026-08-06 11:15:18,043 - ERROR - Error in encoding gcplus: 'str' object has no attribute 'size'
2026-08-06 11:15:18,046 - ERROR - Error in encoding gcplus: 'str' object has no attribute 'size'
2026-08-06 11:15:18,049 - ERROR - Error in encoding gcplus: 'str' object has no attribute 'size'
2026-08-06 11:15:18,054 - ERROR - Error in encoding gcplus: 'str' object has no attribute 'size'
2026-08-06 11:15:18,057 - ERROR - Error in encoding gcplus: 'str' object has no attribute 'size'
2026-08-06 11:15:18,060 - ERROR - Error in encoding gcplus: 'str' object has no attribute 'size'
2026-08-06 11:15:18,063 - ERROR - Error in encoding gcplus: 'str' object has no attribute 'size'
2026-08-06 11:15:18,066 - ERROR - Error in encoding gcplus: 'str' object has no attribute 'size'
2026-08-06 11:15:18,070 - ERROR - Error in encoding gcplus: 'str' object has no attribute 'size'
2026-08-06 11:15:18,074 - ERROR - Error in encoding gcplus: 'str' object has no attribute 'size'
2026-08-06 11:15:18,077 - ERROR - Error in encoding gcplus: 'str' object has no attribute 'size'
2026-08-06 11:15:18,080 - ERROR - Error in encoding gcplus: 'str' object has no attribute 'size'
2026-08-06 11:15:18,083 - ERROR - Error in encoding gcplus: 'str' object has no attribute 'size'
2026-08-06 11:15:18,086 - ERROR - Error in encoding gcplus: 'str' object has no attribute 'size'
2026-08-06 11:15:18,090 - ERROR - Error in encoding gcplus: 'str' object has no attribute 'size'
2026-08-06 11:15:18,093 - ERROR - Error in encoding gcplus: 'str' object has no attribute 'size'
2026-08-06 11:15:18,093 - INFO - gcplus             @   1.0% error: recovery=  0.0% (0/20), cost=     0bp, eff_density=0.0000
2026-08-06 11:15:18,096 - ERROR - Error in encoding gcplus: 'str' object has no attribute 'size'
2026-08-06 11:15:18,099 - ERROR - Error in encoding gcplus: 'str' object has no attribute 'size'
2026-08-06 11:15:18,103 - ERROR - Error in encoding gcplus: 'str' object has no attribute 'size'
2026-08-06 11:15:18,106 - ERROR - Error in encoding gcplus: 'str' object has no attribute 'size'
2026-08-06 11:15:18,110 - ERROR - Error in encoding gcplus: 'str' object has no attribute 'size'
2026-08-06 11:15:18,113 - ERROR - Error in encoding gcplus: 'str' object has no attribute 'size'
2026-08-06 11:15:18,115 - ERROR - Error in encoding gcplus: 'str' object has no attribute 'size'
2026-08-06 11:15:18,120 - ERROR - Error in encoding gcplus: 'str' object has no attribute 'size'
2026-08-06 11:15:18,124 - ERROR - Error in encoding gcplus: 'str' object has no attribute 'size'
2026-08-06 11:15:18,128 - ERROR - Error in encoding gcplus: 'str' object has no attribute 'size'
2026-08-06 11:15:18,131 - ERROR - Error in encoding gcplus: 'str' object has no attribute 'size'
2026-08-06 11:15:18,134 - ERROR - Error in encoding gcplus: 'str' object has no attribute 'size'
2026-08-06 11:15:18,137 - ERROR - Error in encoding gcplus: 'str' object has no attribute 'size'
2026-08-06 11:15:18,140 - ERROR - Error in encoding gcplus: 'str' object has no attribute 'size'
2026-08-06 11:15:18,143 - ERROR - Error in encoding gcplus: 'str' object has no attribute 'size'
2026-08-06 11:15:18,146 - ERROR - Error in encoding gcplus: 'str' object has no attribute 'size'
2026-08-06 11:15:18,149 - ERROR - Error in encoding gcplus: 'str' object has no attribute 'size'
2026-08-06 11:15:18,152 - ERROR - Error in encoding gcplus: 'str' object has no attribute 'size'
2026-08-06 11:15:18,156 - ERROR - Error in encoding gcplus: 'str' object has no attribute 'size'
2026-08-06 11:15:18,159 - ERROR - Error in encoding gcplus: 'str' object has no attribute 'size'
2026-08-06 11:15:18,159 - INFO - gcplus             @   5.0% error: recovery=  0.0% (0/20), cost=     0bp, eff_density=0.0000
2026-08-06 11:15:18,163 - ERROR - Error in encoding gcplus: 'str' object has no attribute 'size'
2026-08-06 11:15:18,166 - ERROR - Error in encoding gcplus: 'str' object has no attribute 'size'
2026-08-06 11:15:18,169 - ERROR - Error in encoding gcplus: 'str' object has no attribute 'size'
2026-08-06 11:15:18,172 - ERROR - Error in encoding gcplus: 'str' object has no attribute 'size'
2026-08-06 11:15:18,175 - ERROR - Error in encoding gcplus: 'str' object has no attribute 'size'
2026-08-06 11:15:18,178 - ERROR - Error in encoding gcplus: 'str' object has no attribute 'size'
2026-08-06 11:15:18,181 - ERROR - Error in encoding gcplus: 'str' object has no attribute 'size'
2026-08-06 11:15:18,185 - ERROR - Error in encoding gcplus: 'str' object has no attribute 'size'
2026-08-06 11:15:18,188 - ERROR - Error in encoding gcplus: 'str' object has no attribute 'size'
2026-08-06 11:15:18,191 - ERROR - Error in encoding gcplus: 'str' object has no attribute 'size'
2026-08-06 11:15:18,194 - ERROR - Error in encoding gcplus: 'str' object has no attribute 'size'
2026-08-06 11:15:18,197 - ERROR - Error in encoding gcplus: 'str' object has no attribute 'size'
2026-08-06 11:15:18,200 - ERROR - Error in encoding gcplus: 'str' object has no attribute 'size'
2026-08-06 11:15:18,203 - ERROR - Error in encoding gcplus: 'str' object has no attribute 'size'
2026-08-06 11:15:18,207 - ERROR - Error in encoding gcplus: 'str' object has no attribute 'size'
2026-08-06 11:15:18,209 - ERROR - Error in encoding gcplus: 'str' object has no attribute 'size'
2026-08-06 11:15:18,212 - ERROR - Error in encoding gcplus: 'str' object has no attribute 'size'
2026-08-06 11:15:18,215 - ERROR - Error in encoding gcplus: 'str' object has no attribute 'size'
2026-08-06 11:15:18,218 - ERROR - Error in encoding gcplus: 'str' object has no attribute 'size'
2026-08-06 11:15:18,221 - ERROR - Error in encoding gcplus: 'str' object has no attribute 'size'
2026-08-06 11:15:18,222 - INFO - gcplus             @  10.0% error: recovery=  0.0% (0/20), cost=     0bp, eff_density=0.0000
2026-08-06 11:15:18,225 - ERROR - Error in encoding gcplus: 'str' object has no attribute 'size'
2026-08-06 11:15:18,228 - ERROR - Error in encoding gcplus: 'str' object has no attribute 'size'
2026-08-06 11:15:18,231 - ERROR - Error in encoding gcplus: 'str' object has no attribute 'size'
2026-08-06 11:15:18,234 - ERROR - Error in encoding gcplus: 'str' object has no attribute 'size'
2026-08-06 11:15:18,237 - ERROR - Error in encoding gcplus: 'str' object has no attribute 'size'
2026-08-06 11:15:18,240 - ERROR - Error in encoding gcplus: 'str' object has no attribute 'size'
2026-08-06 11:15:18,243 - ERROR - Error in encoding gcplus: 'str' object has no attribute 'size'
2026-08-06 11:15:18,246 - ERROR - Error in encoding gcplus: 'str' object has no attribute 'size'
2026-08-06 11:15:18,250 - ERROR - Error in encoding gcplus: 'str' object has no attribute 'size'
2026-08-06 11:15:18,253 - ERROR - Error in encoding gcplus: 'str' object has no attribute 'size'
2026-08-06 11:15:18,256 - ERROR - Error in encoding gcplus: 'str' object has no attribute 'size'
2026-08-06 11:15:18,259 - ERROR - Error in encoding gcplus: 'str' object has no attribute 'size'
2026-08-06 11:15:18,262 - ERROR - Error in encoding gcplus: 'str' object has no attribute 'size'
2026-08-06 11:15:18,266 - ERROR - Error in encoding gcplus: 'str' object has no attribute 'size'
2026-08-06 11:15:18,269 - ERROR - Error in encoding gcplus: 'str' object has no attribute 'size'
2026-08-06 11:15:18,272 - ERROR - Error in encoding gcplus: 'str' object has no attribute 'size'
2026-08-06 11:15:18,275 - ERROR - Error in encoding gcplus: 'str' object has no attribute 'size'
2026-08-06 11:15:18,278 - ERROR - Error in encoding gcplus: 'str' object has no attribute 'size'
2026-08-06 11:15:18,281 - ERROR - Error in encoding gcplus: 'str' object has no attribute 'size'
2026-08-06 11:15:18,285 - ERROR - Error in encoding gcplus: 'str' object has no attribute 'size'
2026-08-06 11:15:18,285 - INFO - gcplus             @  15.0% error: recovery=  0.0% (0/20), cost=     0bp, eff_density=0.0000
2026-08-06 11:15:18,289 - ERROR - Error in encoding gcplus: 'str' object has no attribute 'size'
2026-08-06 11:15:18,292 - ERROR - Error in encoding gcplus: 'str' object has no attribute 'size'
2026-08-06 11:15:18,295 - ERROR - Error in encoding gcplus: 'str' object has no attribute 'size'
2026-08-06 11:15:18,298 - ERROR - Error in encoding gcplus: 'str' object has no attribute 'size'
2026-08-06 11:15:18,301 - ERROR - Error in encoding gcplus: 'str' object has no attribute 'size'
2026-08-06 11:15:18,304 - ERROR - Error in encoding gcplus: 'str' object has no attribute 'size'
2026-08-06 11:15:18,307 - ERROR - Error in encoding gcplus: 'str' object has no attribute 'size'
2026-08-06 11:15:18,310 - ERROR - Error in encoding gcplus: 'str' object has no attribute 'size'
2026-08-06 11:15:18,313 - ERROR - Error in encoding gcplus: 'str' object has no attribute 'size'
2026-08-06 11:15:18,316 - ERROR - Error in encoding gcplus: 'str' object has no attribute 'size'
2026-08-06 11:15:18,319 - ERROR - Error in encoding gcplus: 'str' object has no attribute 'size'
2026-08-06 11:15:18,322 - ERROR - Error in encoding gcplus: 'str' object has no attribute 'size'
2026-08-06 11:15:18,326 - ERROR - Error in encoding gcplus: 'str' object has no attribute 'size'
2026-08-06 11:15:18,329 - ERROR - Error in encoding gcplus: 'str' object has no attribute 'size'
2026-08-06 11:15:18,332 - ERROR - Error in encoding gcplus: 'str' object has no attribute 'size'
2026-08-06 11:15:18,335 - ERROR - Error in encoding gcplus: 'str' object has no attribute 'size'
2026-08-06 11:15:18,338 - ERROR - Error in encoding gcplus: 'str' object has no attribute 'size'
2026-08-06 11:15:18,341 - ERROR - Error in encoding gcplus: 'str' object has no attribute 'size'
2026-08-06 11:15:18,344 - ERROR - Error in encoding gcplus: 'str' object has no attribute 'size'
2026-08-06 11:15:18,347 - ERROR - Error in encoding gcplus: 'str' object has no attribute 'size'
2026-08-06 11:15:18,347 - INFO - gcplus             @  20.0% error: recovery=  0.0% (0/20), cost=     0bp, eff_density=0.0000
2026-08-06 11:15:18,369 - ERROR - Error in encoding max_density: 'str' object has no attribute 'size'
2026-08-06 11:15:18,372 - ERROR - Error in encoding max_density: 'str' object has no attribute 'size'
2026-08-06 11:15:18,376 - ERROR - Error in encoding max_density: 'str' object has no attribute 'size'
2026-08-06 11:15:18,379 - ERROR - Error in encoding max_density: 'str' object has no attribute 'size'
2026-08-06 11:15:18,382 - ERROR - Error in encoding max_density: 'str' object has no attribute 'size'
2026-08-06 11:15:18,385 - ERROR - Error in encoding max_density: 'str' object has no attribute 'size'
2026-08-06 11:15:18,388 - ERROR - Error in encoding max_density: 'str' object has no attribute 'size'
2026-08-06 11:15:18,391 - ERROR - Error in encoding max_density: 'str' object has no attribute 'size'
2026-08-06 11:15:18,393 - ERROR - Error in encoding max_density: 'str' object has no attribute 'size'
2026-08-06 11:15:18,396 - ERROR - Error in encoding max_density: 'str' object has no attribute 'size'
2026-08-06 11:15:18,399 - ERROR - Error in encoding max_density: 'str' object has no attribute 'size'
2026-08-06 11:15:18,403 - ERROR - Error in encoding max_density: 'str' object has no attribute 'size'
2026-08-06 11:15:18,406 - ERROR - Error in encoding max_density: 'str' object has no attribute 'size'
2026-08-06 11:15:18,409 - ERROR - Error in encoding max_density: 'str' object has no attribute 'size'
2026-08-06 11:15:18,413 - ERROR - Error in encoding max_density: 'str' object has no attribute 'size'
2026-08-06 11:15:18,416 - ERROR - Error in encoding max_density: 'str' object has no attribute 'size'
2026-08-06 11:15:18,419 - ERROR - Error in encoding max_density: 'str' object has no attribute 'size'
2026-08-06 11:15:18,423 - ERROR - Error in encoding max_density: 'str' object has no attribute 'size'
2026-08-06 11:15:18,426 - ERROR - Error in encoding max_density: 'str' object has no attribute 'size'
2026-08-06 11:15:18,429 - ERROR - Error in encoding max_density: 'str' object has no attribute 'size'
2026-08-06 11:15:18,429 - INFO - max_density        @   1.0% error: recovery=  0.0% (0/20), cost=     0bp, eff_density=0.0000
2026-08-06 11:15:18,432 - ERROR - Error in encoding max_density: 'str' object has no attribute 'size'
2026-08-06 11:15:18,435 - ERROR - Error in encoding max_density: 'str' object has no attribute 'size'
2026-08-06 11:15:18,439 - ERROR - Error in encoding max_density: 'str' object has no attribute 'size'
2026-08-06 11:15:18,442 - ERROR - Error in encoding max_density: 'str' object has no attribute 'size'
2026-08-06 11:15:18,445 - ERROR - Error in encoding max_density: 'str' object has no attribute 'size'
2026-08-06 11:15:18,448 - ERROR - Error in encoding max_density: 'str' object has no attribute 'size'
2026-08-06 11:15:18,451 - ERROR - Error in encoding max_density: 'str' object has no attribute 'size'
2026-08-06 11:15:18,454 - ERROR - Error in encoding max_density: 'str' object has no attribute 'size'
2026-08-06 11:15:18,457 - ERROR - Error in encoding max_density: 'str' object has no attribute 'size'
2026-08-06 11:15:18,460 - ERROR - Error in encoding max_density: 'str' object has no attribute 'size'
2026-08-06 11:15:18,463 - ERROR - Error in encoding max_density: 'str' object has no attribute 'size'
2026-08-06 11:15:18,466 - ERROR - Error in encoding max_density: 'str' object has no attribute 'size'
2026-08-06 11:15:18,469 - ERROR - Error in encoding max_density: 'str' object has no attribute 'size'
2026-08-06 11:15:18,472 - ERROR - Error in encoding max_density: 'str' object has no attribute 'size'
2026-08-06 11:15:18,476 - ERROR - Error in encoding max_density: 'str' object has no attribute 'size'
2026-08-06 11:15:18,479 - ERROR - Error in encoding max_density: 'str' object has no attribute 'size'
2026-08-06 11:15:18,482 - ERROR - Error in encoding max_density: 'str' object has no attribute 'size'
2026-08-06 11:15:18,485 - ERROR - Error in encoding max_density: 'str' object has no attribute 'size'
2026-08-06 11:15:18,489 - ERROR - Error in encoding max_density: 'str' object has no attribute 'size'
2026-08-06 11:15:18,492 - ERROR - Error in encoding max_density: 'str' object has no attribute 'size'
2026-08-06 11:15:18,492 - INFO - max_density        @   5.0% error: recovery=  0.0% (0/20), cost=     0bp, eff_density=0.0000
2026-08-06 11:15:18,495 - ERROR - Error in encoding max_density: 'str' object has no attribute 'size'
2026-08-06 11:15:18,498 - ERROR - Error in encoding max_density: 'str' object has no attribute 'size'
2026-08-06 11:15:18,501 - ERROR - Error in encoding max_density: 'str' object has no attribute 'size'
2026-08-06 11:15:18,504 - ERROR - Error in encoding max_density: 'str' object has no attribute 'size'
2026-08-06 11:15:18,507 - ERROR - Error in encoding max_density: 'str' object has no attribute 'size'
2026-08-06 11:15:18,510 - ERROR - Error in encoding max_density: 'str' object has no attribute 'size'
2026-08-06 11:15:18,513 - ERROR - Error in encoding max_density: 'str' object has no attribute 'size'
2026-08-06 11:15:18,516 - ERROR - Error in encoding max_density: 'str' object has no attribute 'size'
2026-08-06 11:15:18,520 - ERROR - Error in encoding max_density: 'str' object has no attribute 'size'
2026-08-06 11:15:18,523 - ERROR - Error in encoding max_density: 'str' object has no attribute 'size'
2026-08-06 11:15:18,526 - ERROR - Error in encoding max_density: 'str' object has no attribute 'size'
2026-08-06 11:15:18,529 - ERROR - Error in encoding max_density: 'str' object has no attribute 'size'
2026-08-06 11:15:18,532 - ERROR - Error in encoding max_density: 'str' object has no attribute 'size'
2026-08-06 11:15:18,535 - ERROR - Error in encoding max_density: 'str' object has no attribute 'size'
2026-08-06 11:15:18,538 - ERROR - Error in encoding max_density: 'str' object has no attribute 'size'
2026-08-06 11:15:18,542 - ERROR - Error in encoding max_density: 'str' object has no attribute 'size'
2026-08-06 11:15:18,545 - ERROR - Error in encoding max_density: 'str' object has no attribute 'size'
2026-08-06 11:15:18,548 - ERROR - Error in encoding max_density: 'str' object has no attribute 'size'
2026-08-06 11:15:18,550 - ERROR - Error in encoding max_density: 'str' object has no attribute 'size'
2026-08-06 11:15:18,555 - ERROR - Error in encoding max_density: 'str' object has no attribute 'size'
2026-08-06 11:15:18,555 - INFO - max_density        @  10.0% error: recovery=  0.0% (0/20), cost=     0bp, eff_density=0.0000
2026-08-06 11:15:18,558 - ERROR - Error in encoding max_density: 'str' object has no attribute 'size'
2026-08-06 11:15:18,561 - ERROR - Error in encoding max_density: 'str' object has no attribute 'size'
2026-08-06 11:15:18,564 - ERROR - Error in encoding max_density: 'str' object has no attribute 'size'
2026-08-06 11:15:18,567 - ERROR - Error in encoding max_density: 'str' object has no attribute 'size'
2026-08-06 11:15:18,571 - ERROR - Error in encoding max_density: 'str' object has no attribute 'size'
2026-08-06 11:15:18,574 - ERROR - Error in encoding max_density: 'str' object has no attribute 'size'
2026-08-06 11:15:18,577 - ERROR - Error in encoding max_density: 'str' object has no attribute 'size'
2026-08-06 11:15:18,580 - ERROR - Error in encoding max_density: 'str' object has no attribute 'size'
2026-08-06 11:15:18,583 - ERROR - Error in encoding max_density: 'str' object has no attribute 'size'
2026-08-06 11:15:18,586 - ERROR - Error in encoding max_density: 'str' object has no attribute 'size'
2026-08-06 11:15:18,589 - ERROR - Error in encoding max_density: 'str' object has no attribute 'size'
2026-08-06 11:15:18,592 - ERROR - Error in encoding max_density: 'str' object has no attribute 'size'
2026-08-06 11:15:18,595 - ERROR - Error in encoding max_density: 'str' object has no attribute 'size'
2026-08-06 11:15:18,598 - ERROR - Error in encoding max_density: 'str' object has no attribute 'size'
2026-08-06 11:15:18,601 - ERROR - Error in encoding max_density: 'str' object has no attribute 'size'
2026-08-06 11:15:18,604 - ERROR - Error in encoding max_density: 'str' object has no attribute 'size'
2026-08-06 11:15:18,608 - ERROR - Error in encoding max_density: 'str' object has no attribute 'size'
2026-08-06 11:15:18,610 - ERROR - Error in encoding max_density: 'str' object has no attribute 'size'
2026-08-06 11:15:18,614 - ERROR - Error in encoding max_density: 'str' object has no attribute 'size'
2026-08-06 11:15:18,616 - ERROR - Error in encoding max_density: 'str' object has no attribute 'size'
2026-08-06 11:15:18,617 - INFO - max_density        @  15.0% error: recovery=  0.0% (0/20), cost=     0bp, eff_density=0.0000
2026-08-06 11:15:18,621 - ERROR - Error in encoding max_density: 'str' object has no attribute 'size'
2026-08-06 11:15:18,624 - ERROR - Error in encoding max_density: 'str' object has no attribute 'size'
2026-08-06 11:15:18,627 - ERROR - Error in encoding max_density: 'str' object has no attribute 'size'
2026-08-06 11:15:18,630 - ERROR - Error in encoding max_density: 'str' object has no attribute 'size'
2026-08-06 11:15:18,633 - ERROR - Error in encoding max_density: 'str' object has no attribute 'size'
2026-08-06 11:15:18,639 - ERROR - Error in encoding max_density: 'str' object has no attribute 'size'
2026-08-06 11:15:18,643 - ERROR - Error in encoding max_density: 'str' object has no attribute 'size'
2026-08-06 11:15:18,647 - ERROR - Error in encoding max_density: 'str' object has no attribute 'size'
2026-08-06 11:15:18,652 - ERROR - Error in encoding max_density: 'str' object has no attribute 'size'
2026-08-06 11:15:18,657 - ERROR - Error in encoding max_density: 'str' object has no attribute 'size'
2026-08-06 11:15:18,665 - ERROR - Error in encoding max_density: 'str' object has no attribute 'size'
2026-08-06 11:15:18,669 - ERROR - Error in encoding max_density: 'str' object has no attribute 'size'
2026-08-06 11:15:18,673 - ERROR - Error in encoding max_density: 'str' object has no attribute 'size'
2026-08-06 11:15:18,677 - ERROR - Error in encoding max_density: 'str' object has no attribute 'size'
2026-08-06 11:15:18,681 - ERROR - Error in encoding max_density: 'str' object has no attribute 'size'
2026-08-06 11:15:18,686 - ERROR - Error in encoding max_density: 'str' object has no attribute 'size'
2026-08-06 11:15:18,690 - ERROR - Error in encoding max_density: 'str' object has no attribute 'size'
2026-08-06 11:15:18,694 - ERROR - Error in encoding max_density: 'str' object has no attribute 'size'
2026-08-06 11:15:18,697 - ERROR - Error in encoding max_density: 'str' object has no attribute 'size'
2026-08-06 11:15:18,700 - ERROR - Error in encoding max_density: 'str' object has no attribute 'size'
2026-08-06 11:15:18,701 - INFO - max_density        @  20.0% error: recovery=  0.0% (0/20), cost=     0bp, eff_density=0.0000
2026-08-06 11:15:18,710 - ERROR - Error in encoding no_homopolymer: 'str' object has no attribute 'size'
2026-08-06 11:15:18,713 - ERROR - Error in encoding no_homopolymer: 'str' object has no attribute 'size'
2026-08-06 11:15:18,716 - ERROR - Error in encoding no_homopolymer: 'str' object has no attribute 'size'
2026-08-06 11:15:18,720 - ERROR - Error in encoding no_homopolymer: 'str' object has no attribute 'size'
2026-08-06 11:15:18,724 - ERROR - Error in encoding no_homopolymer: 'str' object has no attribute 'size'
2026-08-06 11:15:18,727 - ERROR - Error in encoding no_homopolymer: 'str' object has no attribute 'size'
2026-08-06 11:15:18,730 - ERROR - Error in encoding no_homopolymer: 'str' object has no attribute 'size'
2026-08-06 11:15:18,734 - ERROR - Error in encoding no_homopolymer: 'str' object has no attribute 'size'
2026-08-06 11:15:18,737 - ERROR - Error in encoding no_homopolymer: 'str' object has no attribute 'size'
2026-08-06 11:15:18,741 - ERROR - Error in encoding no_homopolymer: 'str' object has no attribute 'size'
2026-08-06 11:15:18,745 - ERROR - Error in encoding no_homopolymer: 'str' object has no attribute 'size'
2026-08-06 11:15:18,748 - ERROR - Error in encoding no_homopolymer: 'str' object has no attribute 'size'
2026-08-06 11:15:18,751 - ERROR - Error in encoding no_homopolymer: 'str' object has no attribute 'size'
2026-08-06 11:15:18,755 - ERROR - Error in encoding no_homopolymer: 'str' object has no attribute 'size'
2026-08-06 11:15:18,758 - ERROR - Error in encoding no_homopolymer: 'str' object has no attribute 'size'
2026-08-06 11:15:18,761 - ERROR - Error in encoding no_homopolymer: 'str' object has no attribute 'size'
2026-08-06 11:15:18,764 - ERROR - Error in encoding no_homopolymer: 'str' object has no attribute 'size'
2026-08-06 11:15:18,767 - ERROR - Error in encoding no_homopolymer: 'str' object has no attribute 'size'
2026-08-06 11:15:18,770 - ERROR - Error in encoding no_homopolymer: 'str' object has no attribute 'size'
2026-08-06 11:15:18,773 - ERROR - Error in encoding no_homopolymer: 'str' object has no attribute 'size'
2026-08-06 11:15:18,774 - INFO - no_homopolymer     @   1.0% error: recovery=  0.0% (0/20), cost=     0bp, eff_density=0.0000
2026-08-06 11:15:18,777 - ERROR - Error in encoding no_homopolymer: 'str' object has no attribute 'size'
2026-08-06 11:15:18,781 - ERROR - Error in encoding no_homopolymer: 'str' object has no attribute 'size'
2026-08-06 11:15:18,784 - ERROR - Error in encoding no_homopolymer: 'str' object has no attribute 'size'
2026-08-06 11:15:18,787 - ERROR - Error in encoding no_homopolymer: 'str' object has no attribute 'size'
2026-08-06 11:15:18,791 - ERROR - Error in encoding no_homopolymer: 'str' object has no attribute 'size'
2026-08-06 11:15:18,794 - ERROR - Error in encoding no_homopolymer: 'str' object has no attribute 'size'
2026-08-06 11:15:18,797 - ERROR - Error in encoding no_homopolymer: 'str' object has no attribute 'size'
2026-08-06 11:15:18,800 - ERROR - Error in encoding no_homopolymer: 'str' object has no attribute 'size'
2026-08-06 11:15:18,804 - ERROR - Error in encoding no_homopolymer: 'str' object has no attribute 'size'
2026-08-06 11:15:18,807 - ERROR - Error in encoding no_homopolymer: 'str' object has no attribute 'size'
2026-08-06 11:15:18,811 - ERROR - Error in encoding no_homopolymer: 'str' object has no attribute 'size'
2026-08-06 11:15:18,814 - ERROR - Error in encoding no_homopolymer: 'str' object has no attribute 'size'
2026-08-06 11:15:18,816 - ERROR - Error in encoding no_homopolymer: 'str' object has no attribute 'size'
2026-08-06 11:15:18,821 - ERROR - Error in encoding no_homopolymer: 'str' object has no attribute 'size'
2026-08-06 11:15:18,825 - ERROR - Error in encoding no_homopolymer: 'str' object has no attribute 'size'
2026-08-06 11:15:18,828 - ERROR - Error in encoding no_homopolymer: 'str' object has no attribute 'size'
2026-08-06 11:15:18,831 - ERROR - Error in encoding no_homopolymer: 'str' object has no attribute 'size'
2026-08-06 11:15:18,835 - ERROR - Error in encoding no_homopolymer: 'str' object has no attribute 'size'
2026-08-06 11:15:18,838 - ERROR - Error in encoding no_homopolymer: 'str' object has no attribute 'size'
2026-08-06 11:15:18,841 - ERROR - Error in encoding no_homopolymer: 'str' object has no attribute 'size'
2026-08-06 11:15:18,841 - INFO - no_homopolymer     @   5.0% error: recovery=  0.0% (0/20), cost=     0bp, eff_density=0.0000
2026-08-06 11:15:18,845 - ERROR - Error in encoding no_homopolymer: 'str' object has no attribute 'size'
2026-08-06 11:15:18,848 - ERROR - Error in encoding no_homopolymer: 'str' object has no attribute 'size'
2026-08-06 11:15:18,851 - ERROR - Error in encoding no_homopolymer: 'str' object has no attribute 'size'
2026-08-06 11:15:18,855 - ERROR - Error in encoding no_homopolymer: 'str' object has no attribute 'size'
2026-08-06 11:15:18,858 - ERROR - Error in encoding no_homopolymer: 'str' object has no attribute 'size'
2026-08-06 11:15:18,861 - ERROR - Error in encoding no_homopolymer: 'str' object has no attribute 'size'
2026-08-06 11:15:18,865 - ERROR - Error in encoding no_homopolymer: 'str' object has no attribute 'size'
2026-08-06 11:15:18,867 - ERROR - Error in encoding no_homopolymer: 'str' object has no attribute 'size'
2026-08-06 11:15:18,871 - ERROR - Error in encoding no_homopolymer: 'str' object has no attribute 'size'
2026-08-06 11:15:18,874 - ERROR - Error in encoding no_homopolymer: 'str' object has no attribute 'size'
2026-08-06 11:15:18,877 - ERROR - Error in encoding no_homopolymer: 'str' object has no attribute 'size'
2026-08-06 11:15:18,881 - ERROR - Error in encoding no_homopolymer: 'str' object has no attribute 'size'
2026-08-06 11:15:18,884 - ERROR - Error in encoding no_homopolymer: 'str' object has no attribute 'size'
2026-08-06 11:15:18,887 - ERROR - Error in encoding no_homopolymer: 'str' object has no attribute 'size'
2026-08-06 11:15:18,890 - ERROR - Error in encoding no_homopolymer: 'str' object has no attribute 'size'
2026-08-06 11:15:18,894 - ERROR - Error in encoding no_homopolymer: 'str' object has no attribute 'size'
2026-08-06 11:15:18,897 - ERROR - Error in encoding no_homopolymer: 'str' object has no attribute 'size'
2026-08-06 11:15:18,900 - ERROR - Error in encoding no_homopolymer: 'str' object has no attribute 'size'
2026-08-06 11:15:18,903 - ERROR - Error in encoding no_homopolymer: 'str' object has no attribute 'size'
2026-08-06 11:15:18,907 - ERROR - Error in encoding no_homopolymer: 'str' object has no attribute 'size'
2026-08-06 11:15:18,907 - INFO - no_homopolymer     @  10.0% error: recovery=  0.0% (0/20), cost=     0bp, eff_density=0.0000
2026-08-06 11:15:18,911 - ERROR - Error in encoding no_homopolymer: 'str' object has no attribute 'size'
2026-08-06 11:15:18,913 - ERROR - Error in encoding no_homopolymer: 'str' object has no attribute 'size'
2026-08-06 11:15:18,917 - ERROR - Error in encoding no_homopolymer: 'str' object has no attribute 'size'
2026-08-06 11:15:18,920 - ERROR - Error in encoding no_homopolymer: 'str' object has no attribute 'size'
2026-08-06 11:15:18,923 - ERROR - Error in encoding no_homopolymer: 'str' object has no attribute 'size'
2026-08-06 11:15:18,927 - ERROR - Error in encoding no_homopolymer: 'str' object has no attribute 'size'
2026-08-06 11:15:18,931 - ERROR - Error in encoding no_homopolymer: 'str' object has no attribute 'size'
2026-08-06 11:15:18,933 - ERROR - Error in encoding no_homopolymer: 'str' object has no attribute 'size'
2026-08-06 11:15:18,937 - ERROR - Error in encoding no_homopolymer: 'str' object has no attribute 'size'
2026-08-06 11:15:18,940 - ERROR - Error in encoding no_homopolymer: 'str' object has no attribute 'size'
2026-08-06 11:15:18,943 - ERROR - Error in encoding no_homopolymer: 'str' object has no attribute 'size'
2026-08-06 11:15:18,947 - ERROR - Error in encoding no_homopolymer: 'str' object has no attribute 'size'
2026-08-06 11:15:18,950 - ERROR - Error in encoding no_homopolymer: 'str' object has no attribute 'size'
2026-08-06 11:15:18,954 - ERROR - Error in encoding no_homopolymer: 'str' object has no attribute 'size'
2026-08-06 11:15:18,957 - ERROR - Error in encoding no_homopolymer: 'str' object has no attribute 'size'
2026-08-06 11:15:18,960 - ERROR - Error in encoding no_homopolymer: 'str' object has no attribute 'size'
2026-08-06 11:15:18,964 - ERROR - Error in encoding no_homopolymer: 'str' object has no attribute 'size'
2026-08-06 11:15:18,967 - ERROR - Error in encoding no_homopolymer: 'str' object has no attribute 'size'
2026-08-06 11:15:18,970 - ERROR - Error in encoding no_homopolymer: 'str' object has no attribute 'size'
2026-08-06 11:15:18,974 - ERROR - Error in encoding no_homopolymer: 'str' object has no attribute 'size'
2026-08-06 11:15:18,974 - INFO - no_homopolymer     @  15.0% error: recovery=  0.0% (0/20), cost=     0bp, eff_density=0.0000
2026-08-06 11:15:18,978 - ERROR - Error in encoding no_homopolymer: 'str' object has no attribute 'size'
2026-08-06 11:15:18,980 - ERROR - Error in encoding no_homopolymer: 'str' object has no attribute 'size'
2026-08-06 11:15:18,983 - ERROR - Error in encoding no_homopolymer: 'str' object has no attribute 'size'
2026-08-06 11:15:18,987 - ERROR - Error in encoding no_homopolymer: 'str' object has no attribute 'size'
2026-08-06 11:15:18,990 - ERROR - Error in encoding no_homopolymer: 'str' object has no attribute 'size'
2026-08-06 11:15:18,993 - ERROR - Error in encoding no_homopolymer: 'str' object has no attribute 'size'
2026-08-06 11:15:18,996 - ERROR - Error in encoding no_homopolymer: 'str' object has no attribute 'size'
2026-08-06 11:15:19,000 - ERROR - Error in encoding no_homopolymer: 'str' object has no attribute 'size'
2026-08-06 11:15:19,003 - ERROR - Error in encoding no_homopolymer: 'str' object has no attribute 'size'
2026-08-06 11:15:19,007 - ERROR - Error in encoding no_homopolymer: 'str' object has no attribute 'size'
2026-08-06 11:15:19,010 - ERROR - Error in encoding no_homopolymer: 'str' object has no attribute 'size'
2026-08-06 11:15:19,013 - ERROR - Error in encoding no_homopolymer: 'str' object has no attribute 'size'
2026-08-06 11:15:19,016 - ERROR - Error in encoding no_homopolymer: 'str' object has no attribute 'size'
2026-08-06 11:15:19,019 - ERROR - Error in encoding no_homopolymer: 'str' object has no attribute 'size'
2026-08-06 11:15:19,023 - ERROR - Error in encoding no_homopolymer: 'str' object has no attribute 'size'
2026-08-06 11:15:19,026 - ERROR - Error in encoding no_homopolymer: 'str' object has no attribute 'size'
2026-08-06 11:15:19,029 - ERROR - Error in encoding no_homopolymer: 'str' object has no attribute 'size'
2026-08-06 11:15:19,032 - ERROR - Error in encoding no_homopolymer: 'str' object has no attribute 'size'
2026-08-06 11:15:19,035 - ERROR - Error in encoding no_homopolymer: 'str' object has no attribute 'size'
2026-08-06 11:15:19,039 - ERROR - Error in encoding no_homopolymer: 'str' object has no attribute 'size'
2026-08-06 11:15:19,039 - INFO - no_homopolymer     @  20.0% error: recovery=  0.0% (0/20), cost=     0bp, eff_density=0.0000
2026-08-06 11:15:19,045 - ERROR - Error in encoding wukong: 'str' object has no attribute 'size'
2026-08-06 11:15:19,048 - ERROR - Error in encoding wukong: 'str' object has no attribute 'size'
2026-08-06 11:15:19,051 - ERROR - Error in encoding wukong: 'str' object has no attribute 'size'
2026-08-06 11:15:19,055 - ERROR - Error in encoding wukong: 'str' object has no attribute 'size'
2026-08-06 11:15:19,063 - ERROR - Error in encoding wukong: 'str' object has no attribute 'size'
2026-08-06 11:15:19,066 - ERROR - Error in encoding wukong: 'str' object has no attribute 'size'
2026-08-06 11:15:19,069 - ERROR - Error in encoding wukong: 'str' object has no attribute 'size'
2026-08-06 11:15:19,073 - ERROR - Error in encoding wukong: 'str' object has no attribute 'size'
2026-08-06 11:15:19,076 - ERROR - Error in encoding wukong: 'str' object has no attribute 'size'
2026-08-06 11:15:19,079 - ERROR - Error in encoding wukong: 'str' object has no attribute 'size'
2026-08-06 11:15:19,081 - ERROR - Error in encoding wukong: 'str' object has no attribute 'size'
2026-08-06 11:15:19,084 - ERROR - Error in encoding wukong: 'str' object has no attribute 'size'
2026-08-06 11:15:19,088 - ERROR - Error in encoding wukong: 'str' object has no attribute 'size'
2026-08-06 11:15:19,091 - ERROR - Error in encoding wukong: 'str' object has no attribute 'size'
2026-08-06 11:15:19,094 - ERROR - Error in encoding wukong: 'str' object has no attribute 'size'
2026-08-06 11:15:19,097 - ERROR - Error in encoding wukong: 'str' object has no attribute 'size'
2026-08-06 11:15:19,100 - ERROR - Error in encoding wukong: 'str' object has no attribute 'size'
2026-08-06 11:15:19,103 - ERROR - Error in encoding wukong: 'str' object has no attribute 'size'
2026-08-06 11:15:19,106 - ERROR - Error in encoding wukong: 'str' object has no attribute 'size'
2026-08-06 11:15:19,110 - ERROR - Error in encoding wukong: 'str' object has no attribute 'size'
2026-08-06 11:15:19,110 - INFO - wukong             @   1.0% error: recovery=  0.0% (0/20), cost=     0bp, eff_density=0.0000
2026-08-06 11:15:19,113 - ERROR - Error in encoding wukong: 'str' object has no attribute 'size'
2026-08-06 11:15:19,117 - ERROR - Error in encoding wukong: 'str' object has no attribute 'size'
2026-08-06 11:15:19,120 - ERROR - Error in encoding wukong: 'str' object has no attribute 'size'
2026-08-06 11:15:19,123 - ERROR - Error in encoding wukong: 'str' object has no attribute 'size'
2026-08-06 11:15:19,126 - ERROR - Error in encoding wukong: 'str' object has no attribute 'size'
2026-08-06 11:15:19,130 - ERROR - Error in encoding wukong: 'str' object has no attribute 'size'
2026-08-06 11:15:19,133 - ERROR - Error in encoding wukong: 'str' object has no attribute 'size'
2026-08-06 11:15:19,136 - ERROR - Error in encoding wukong: 'str' object has no attribute 'size'
2026-08-06 11:15:19,139 - ERROR - Error in encoding wukong: 'str' object has no attribute 'size'
2026-08-06 11:15:19,142 - ERROR - Error in encoding wukong: 'str' object has no attribute 'size'
2026-08-06 11:15:19,145 - ERROR - Error in encoding wukong: 'str' object has no attribute 'size'
2026-08-06 11:15:19,148 - ERROR - Error in encoding wukong: 'str' object has no attribute 'size'
2026-08-06 11:15:19,152 - ERROR - Error in encoding wukong: 'str' object has no attribute 'size'
2026-08-06 11:15:19,155 - ERROR - Error in encoding wukong: 'str' object has no attribute 'size'
2026-08-06 11:15:19,158 - ERROR - Error in encoding wukong: 'str' object has no attribute 'size'
2026-08-06 11:15:19,161 - ERROR - Error in encoding wukong: 'str' object has no attribute 'size'
2026-08-06 11:15:19,164 - ERROR - Error in encoding wukong: 'str' object has no attribute 'size'
2026-08-06 11:15:19,167 - ERROR - Error in encoding wukong: 'str' object has no attribute 'size'
2026-08-06 11:15:19,171 - ERROR - Error in encoding wukong: 'str' object has no attribute 'size'
2026-08-06 11:15:19,174 - ERROR - Error in encoding wukong: 'str' object has no attribute 'size'
2026-08-06 11:15:19,174 - INFO - wukong             @   5.0% error: recovery=  0.0% (0/20), cost=     0bp, eff_density=0.0000
2026-08-06 11:15:19,177 - ERROR - Error in encoding wukong: 'str' object has no attribute 'size'
2026-08-06 11:15:19,180 - ERROR - Error in encoding wukong: 'str' object has no attribute 'size'
2026-08-06 11:15:19,183 - ERROR - Error in encoding wukong: 'str' object has no attribute 'size'
2026-08-06 11:15:19,187 - ERROR - Error in encoding wukong: 'str' object has no attribute 'size'
2026-08-06 11:15:19,191 - ERROR - Error in encoding wukong: 'str' object has no attribute 'size'
2026-08-06 11:15:19,193 - ERROR - Error in encoding wukong: 'str' object has no attribute 'size'
2026-08-06 11:15:19,196 - ERROR - Error in encoding wukong: 'str' object has no attribute 'size'
2026-08-06 11:15:19,199 - ERROR - Error in encoding wukong: 'str' object has no attribute 'size'
2026-08-06 11:15:19,202 - ERROR - Error in encoding wukong: 'str' object has no attribute 'size'
2026-08-06 11:15:19,205 - ERROR - Error in encoding wukong: 'str' object has no attribute 'size'
2026-08-06 11:15:19,208 - ERROR - Error in encoding wukong: 'str' object has no attribute 'size'
2026-08-06 11:15:19,211 - ERROR - Error in encoding wukong: 'str' object has no attribute 'size'
2026-08-06 11:15:19,214 - ERROR - Error in encoding wukong: 'str' object has no attribute 'size'
2026-08-06 11:15:19,217 - ERROR - Error in encoding wukong: 'str' object has no attribute 'size'
2026-08-06 11:15:19,221 - ERROR - Error in encoding wukong: 'str' object has no attribute 'size'
2026-08-06 11:15:19,224 - ERROR - Error in encoding wukong: 'str' object has no attribute 'size'
2026-08-06 11:15:19,227 - ERROR - Error in encoding wukong: 'str' object has no attribute 'size'
2026-08-06 11:15:19,230 - ERROR - Error in encoding wukong: 'str' object has no attribute 'size'
2026-08-06 11:15:19,234 - ERROR - Error in encoding wukong: 'str' object has no attribute 'size'
2026-08-06 11:15:19,237 - ERROR - Error in encoding wukong: 'str' object has no attribute 'size'
2026-08-06 11:15:19,237 - INFO - wukong             @  10.0% error: recovery=  0.0% (0/20), cost=     0bp, eff_density=0.0000
2026-08-06 11:15:19,240 - ERROR - Error in encoding wukong: 'str' object has no attribute 'size'
2026-08-06 11:15:19,244 - ERROR - Error in encoding wukong: 'str' object has no attribute 'size'
2026-08-06 11:15:19,247 - ERROR - Error in encoding wukong: 'str' object has no attribute 'size'
2026-08-06 11:15:19,250 - ERROR - Error in encoding wukong: 'str' object has no attribute 'size'
2026-08-06 11:15:19,254 - ERROR - Error in encoding wukong: 'str' object has no attribute 'size'
2026-08-06 11:15:19,257 - ERROR - Error in encoding wukong: 'str' object has no attribute 'size'
2026-08-06 11:15:19,260 - ERROR - Error in encoding wukong: 'str' object has no attribute 'size'
2026-08-06 11:15:19,263 - ERROR - Error in encoding wukong: 'str' object has no attribute 'size'
2026-08-06 11:15:19,266 - ERROR - Error in encoding wukong: 'str' object has no attribute 'size'
2026-08-06 11:15:19,269 - ERROR - Error in encoding wukong: 'str' object has no attribute 'size'
2026-08-06 11:15:19,272 - ERROR - Error in encoding wukong: 'str' object has no attribute 'size'
2026-08-06 11:15:19,275 - ERROR - Error in encoding wukong: 'str' object has no attribute 'size'
2026-08-06 11:15:19,278 - ERROR - Error in encoding wukong: 'str' object has no attribute 'size'
2026-08-06 11:15:19,281 - ERROR - Error in encoding wukong: 'str' object has no attribute 'size'
2026-08-06 11:15:19,284 - ERROR - Error in encoding wukong: 'str' object has no attribute 'size'
2026-08-06 11:15:19,287 - ERROR - Error in encoding wukong: 'str' object has no attribute 'size'
2026-08-06 11:15:19,290 - ERROR - Error in encoding wukong: 'str' object has no attribute 'size'
2026-08-06 11:15:19,294 - ERROR - Error in encoding wukong: 'str' object has no attribute 'size'
2026-08-06 11:15:19,297 - ERROR - Error in encoding wukong: 'str' object has no attribute 'size'
2026-08-06 11:15:19,299 - ERROR - Error in encoding wukong: 'str' object has no attribute 'size'
2026-08-06 11:15:19,300 - INFO - wukong             @  15.0% error: recovery=  0.0% (0/20), cost=     0bp, eff_density=0.0000
2026-08-06 11:15:19,303 - ERROR - Error in encoding wukong: 'str' object has no attribute 'size'
2026-08-06 11:15:19,307 - ERROR - Error in encoding wukong: 'str' object has no attribute 'size'
2026-08-06 11:15:19,310 - ERROR - Error in encoding wukong: 'str' object has no attribute 'size'
2026-08-06 11:15:19,313 - ERROR - Error in encoding wukong: 'str' object has no attribute 'size'
2026-08-06 11:15:19,315 - ERROR - Error in encoding wukong: 'str' object has no attribute 'size'
2026-08-06 11:15:19,319 - ERROR - Error in encoding wukong: 'str' object has no attribute 'size'
2026-08-06 11:15:19,322 - ERROR - Error in encoding wukong: 'str' object has no attribute 'size'
2026-08-06 11:15:19,325 - ERROR - Error in encoding wukong: 'str' object has no attribute 'size'
2026-08-06 11:15:19,328 - ERROR - Error in encoding wukong: 'str' object has no attribute 'size'
2026-08-06 11:15:19,331 - ERROR - Error in encoding wukong: 'str' object has no attribute 'size'
2026-08-06 11:15:19,334 - ERROR - Error in encoding wukong: 'str' object has no attribute 'size'
2026-08-06 11:15:19,338 - ERROR - Error in encoding wukong: 'str' object has no attribute 'size'
2026-08-06 11:15:19,341 - ERROR - Error in encoding wukong: 'str' object has no attribute 'size'
2026-08-06 11:15:19,344 - ERROR - Error in encoding wukong: 'str' object has no attribute 'size'
2026-08-06 11:15:19,347 - ERROR - Error in encoding wukong: 'str' object has no attribute 'size'
2026-08-06 11:15:19,350 - ERROR - Error in encoding wukong: 'str' object has no attribute 'size'
2026-08-06 11:15:19,353 - ERROR - Error in encoding wukong: 'str' object has no attribute 'size'
2026-08-06 11:15:19,356 - ERROR - Error in encoding wukong: 'str' object has no attribute 'size'
2026-08-06 11:15:19,359 - ERROR - Error in encoding wukong: 'str' object has no attribute 'size'
2026-08-06 11:15:19,362 - ERROR - Error in encoding wukong: 'str' object has no attribute 'size'
2026-08-06 11:15:19,362 - INFO - wukong             @  20.0% error: recovery=  0.0% (0/20), cost=     0bp, eff_density=0.0000
2026-08-06 11:15:19,375 - ERROR - Error in encoding yinyang: 'str' object has no attribute 'size'
2026-08-06 11:15:19,378 - ERROR - Error in encoding yinyang: 'str' object has no attribute 'size'
2026-08-06 11:15:19,380 - ERROR - Error in encoding yinyang: 'str' object has no attribute 'size'
2026-08-06 11:15:19,383 - ERROR - Error in encoding yinyang: 'str' object has no attribute 'size'
2026-08-06 11:15:19,386 - ERROR - Error in encoding yinyang: 'str' object has no attribute 'size'
2026-08-06 11:15:19,390 - ERROR - Error in encoding yinyang: 'str' object has no attribute 'size'
2026-08-06 11:15:19,393 - ERROR - Error in encoding yinyang: 'str' object has no attribute 'size'
2026-08-06 11:15:19,396 - ERROR - Error in encoding yinyang: 'str' object has no attribute 'size'
2026-08-06 11:15:19,398 - ERROR - Error in encoding yinyang: 'str' object has no attribute 'size'
2026-08-06 11:15:19,402 - ERROR - Error in encoding yinyang: 'str' object has no attribute 'size'
2026-08-06 11:15:19,405 - ERROR - Error in encoding yinyang: 'str' object has no attribute 'size'
2026-08-06 11:15:19,408 - ERROR - Error in encoding yinyang: 'str' object has no attribute 'size'
2026-08-06 11:15:19,411 - ERROR - Error in encoding yinyang: 'str' object has no attribute 'size'
2026-08-06 11:15:19,414 - ERROR - Error in encoding yinyang: 'str' object has no attribute 'size'
2026-08-06 11:15:19,417 - ERROR - Error in encoding yinyang: 'str' object has no attribute 'size'
2026-08-06 11:15:19,420 - ERROR - Error in encoding yinyang: 'str' object has no attribute 'size'
2026-08-06 11:15:19,423 - ERROR - Error in encoding yinyang: 'str' object has no attribute 'size'
2026-08-06 11:15:19,426 - ERROR - Error in encoding yinyang: 'str' object has no attribute 'size'
2026-08-06 11:15:19,430 - ERROR - Error in encoding yinyang: 'str' object has no attribute 'size'
2026-08-06 11:15:19,432 - ERROR - Error in encoding yinyang: 'str' object has no attribute 'size'
2026-08-06 11:15:19,433 - INFO - yinyang            @   1.0% error: recovery=  0.0% (0/20), cost=     0bp, eff_density=0.0000
2026-08-06 11:15:19,436 - ERROR - Error in encoding yinyang: 'str' object has no attribute 'size'
2026-08-06 11:15:19,440 - ERROR - Error in encoding yinyang: 'str' object has no attribute 'size'
2026-08-06 11:15:19,443 - ERROR - Error in encoding yinyang: 'str' object has no attribute 'size'
2026-08-06 11:15:19,446 - ERROR - Error in encoding yinyang: 'str' object has no attribute 'size'
2026-08-06 11:15:19,449 - ERROR - Error in encoding yinyang: 'str' object has no attribute 'size'
2026-08-06 11:15:19,452 - ERROR - Error in encoding yinyang: 'str' object has no attribute 'size'
2026-08-06 11:15:19,455 - ERROR - Error in encoding yinyang: 'str' object has no attribute 'size'
2026-08-06 11:15:19,458 - ERROR - Error in encoding yinyang: 'str' object has no attribute 'size'
2026-08-06 11:15:19,461 - ERROR - Error in encoding yinyang: 'str' object has no attribute 'size'
2026-08-06 11:15:19,464 - ERROR - Error in encoding yinyang: 'str' object has no attribute 'size'
2026-08-06 11:15:19,466 - ERROR - Error in encoding yinyang: 'str' object has no attribute 'size'
2026-08-06 11:15:19,470 - ERROR - Error in encoding yinyang: 'str' object has no attribute 'size'
2026-08-06 11:15:19,473 - ERROR - Error in encoding yinyang: 'str' object has no attribute 'size'
2026-08-06 11:15:19,476 - ERROR - Error in encoding yinyang: 'str' object has no attribute 'size'
2026-08-06 11:15:19,479 - ERROR - Error in encoding yinyang: 'str' object has no attribute 'size'
2026-08-06 11:15:19,482 - ERROR - Error in encoding yinyang: 'str' object has no attribute 'size'
2026-08-06 11:15:19,485 - ERROR - Error in encoding yinyang: 'str' object has no attribute 'size'
2026-08-06 11:15:19,488 - ERROR - Error in encoding yinyang: 'str' object has no attribute 'size'
2026-08-06 11:15:19,491 - ERROR - Error in encoding yinyang: 'str' object has no attribute 'size'
2026-08-06 11:15:19,494 - ERROR - Error in encoding yinyang: 'str' object has no attribute 'size'
2026-08-06 11:15:19,495 - INFO - yinyang            @   5.0% error: recovery=  0.0% (0/20), cost=     0bp, eff_density=0.0000
2026-08-06 11:15:19,498 - ERROR - Error in encoding yinyang: 'str' object has no attribute 'size'
2026-08-06 11:15:19,501 - ERROR - Error in encoding yinyang: 'str' object has no attribute 'size'
2026-08-06 11:15:19,504 - ERROR - Error in encoding yinyang: 'str' object has no attribute 'size'
2026-08-06 11:15:19,508 - ERROR - Error in encoding yinyang: 'str' object has no attribute 'size'
2026-08-06 11:15:19,511 - ERROR - Error in encoding yinyang: 'str' object has no attribute 'size'
2026-08-06 11:15:19,514 - ERROR - Error in encoding yinyang: 'str' object has no attribute 'size'
2026-08-06 11:15:19,517 - ERROR - Error in encoding yinyang: 'str' object has no attribute 'size'
2026-08-06 11:15:19,520 - ERROR - Error in encoding yinyang: 'str' object has no attribute 'size'
2026-08-06 11:15:19,523 - ERROR - Error in encoding yinyang: 'str' object has no attribute 'size'
2026-08-06 11:15:19,527 - ERROR - Error in encoding yinyang: 'str' object has no attribute 'size'
2026-08-06 11:15:19,530 - ERROR - Error in encoding yinyang: 'str' object has no attribute 'size'
2026-08-06 11:15:19,533 - ERROR - Error in encoding yinyang: 'str' object has no attribute 'size'
2026-08-06 11:15:19,536 - ERROR - Error in encoding yinyang: 'str' object has no attribute 'size'
2026-08-06 11:15:19,539 - ERROR - Error in encoding yinyang: 'str' object has no attribute 'size'
2026-08-06 11:15:19,542 - ERROR - Error in encoding yinyang: 'str' object has no attribute 'size'
2026-08-06 11:15:19,545 - ERROR - Error in encoding yinyang: 'str' object has no attribute 'size'
2026-08-06 11:15:19,548 - ERROR - Error in encoding yinyang: 'str' object has no attribute 'size'
2026-08-06 11:15:19,551 - ERROR - Error in encoding yinyang: 'str' object has no attribute 'size'
2026-08-06 11:15:19,554 - ERROR - Error in encoding yinyang: 'str' object has no attribute 'size'
2026-08-06 11:15:19,557 - ERROR - Error in encoding yinyang: 'str' object has no attribute 'size'
2026-08-06 11:15:19,557 - INFO - yinyang            @  10.0% error: recovery=  0.0% (0/20), cost=     0bp, eff_density=0.0000
2026-08-06 11:15:19,561 - ERROR - Error in encoding yinyang: 'str' object has no attribute 'size'
2026-08-06 11:15:19,563 - ERROR - Error in encoding yinyang: 'str' object has no attribute 'size'
2026-08-06 11:15:19,566 - ERROR - Error in encoding yinyang: 'str' object has no attribute 'size'
2026-08-06 11:15:19,570 - ERROR - Error in encoding yinyang: 'str' object has no attribute 'size'
2026-08-06 11:15:19,573 - ERROR - Error in encoding yinyang: 'str' object has no attribute 'size'
2026-08-06 11:15:19,576 - ERROR - Error in encoding yinyang: 'str' object has no attribute 'size'
2026-08-06 11:15:19,580 - ERROR - Error in encoding yinyang: 'str' object has no attribute 'size'
2026-08-06 11:15:19,582 - ERROR - Error in encoding yinyang: 'str' object has no attribute 'size'
2026-08-06 11:15:19,586 - ERROR - Error in encoding yinyang: 'str' object has no attribute 'size'
2026-08-06 11:15:19,589 - ERROR - Error in encoding yinyang: 'str' object has no attribute 'size'
2026-08-06 11:15:19,592 - ERROR - Error in encoding yinyang: 'str' object has no attribute 'size'
2026-08-06 11:15:19,595 - ERROR - Error in encoding yinyang: 'str' object has no attribute 'size'
2026-08-06 11:15:19,598 - ERROR - Error in encoding yinyang: 'str' object has no attribute 'size'
2026-08-06 11:15:19,601 - ERROR - Error in encoding yinyang: 'str' object has no attribute 'size'
2026-08-06 11:15:19,605 - ERROR - Error in encoding yinyang: 'str' object has no attribute 'size'
2026-08-06 11:15:19,608 - ERROR - Error in encoding yinyang: 'str' object has no attribute 'size'
2026-08-06 11:15:19,611 - ERROR - Error in encoding yinyang: 'str' object has no attribute 'size'
2026-08-06 11:15:19,614 - ERROR - Error in encoding yinyang: 'str' object has no attribute 'size'
2026-08-06 11:15:19,617 - ERROR - Error in encoding yinyang: 'str' object has no attribute 'size'
2026-08-06 11:15:19,621 - ERROR - Error in encoding yinyang: 'str' object has no attribute 'size'
2026-08-06 11:15:19,621 - INFO - yinyang            @  15.0% error: recovery=  0.0% (0/20), cost=     0bp, eff_density=0.0000
2026-08-06 11:15:19,625 - ERROR - Error in encoding yinyang: 'str' object has no attribute 'size'
2026-08-06 11:15:19,628 - ERROR - Error in encoding yinyang: 'str' object has no attribute 'size'
2026-08-06 11:15:19,631 - ERROR - Error in encoding yinyang: 'str' object has no attribute 'size'
2026-08-06 11:15:19,634 - ERROR - Error in encoding yinyang: 'str' object has no attribute 'size'
2026-08-06 11:15:19,637 - ERROR - Error in encoding yinyang: 'str' object has no attribute 'size'
2026-08-06 11:15:19,640 - ERROR - Error in encoding yinyang: 'str' object has no attribute 'size'
2026-08-06 11:15:19,643 - ERROR - Error in encoding yinyang: 'str' object has no attribute 'size'
2026-08-06 11:15:19,646 - ERROR - Error in encoding yinyang: 'str' object has no attribute 'size'
2026-08-06 11:15:19,649 - ERROR - Error in encoding yinyang: 'str' object has no attribute 'size'
2026-08-06 11:15:19,653 - ERROR - Error in encoding yinyang: 'str' object has no attribute 'size'
2026-08-06 11:15:19,656 - ERROR - Error in encoding yinyang: 'str' object has no attribute 'size'
2026-08-06 11:15:19,659 - ERROR - Error in encoding yinyang: 'str' object has no attribute 'size'
2026-08-06 11:15:19,662 - ERROR - Error in encoding yinyang: 'str' object has no attribute 'size'
2026-08-06 11:15:19,665 - ERROR - Error in encoding yinyang: 'str' object has no attribute 'size'
2026-08-06 11:15:19,669 - ERROR - Error in encoding yinyang: 'str' object has no attribute 'size'
2026-08-06 11:15:19,672 - ERROR - Error in encoding yinyang: 'str' object has no attribute 'size'
2026-08-06 11:15:19,675 - ERROR - Error in encoding yinyang: 'str' object has no attribute 'size'
2026-08-06 11:15:19,678 - ERROR - Error in encoding yinyang: 'str' object has no attribute 'size'
2026-08-06 11:15:19,681 - ERROR - Error in encoding yinyang: 'str' object has no attribute 'size'
2026-08-06 11:15:19,684 - ERROR - Error in encoding yinyang: 'str' object has no attribute 'size'
2026-08-06 11:15:19,684 - INFO - yinyang            @  20.0% error: recovery=  0.0% (0/20), cost=     0bp, eff_density=0.0000
2026-08-06 11:15:20,317 - INFO - Saved plot: ./simulations/error_resilience_final\resilience_curves.png
2026-08-06 11:15:20,835 - INFO - Saved plot: ./simulations/error_resilience_final\recovery_vs_cost.png
